"Name","Extension","FullName","Folder"
"FrmAjcTransfer.dfm",".dfm","D:\pwtkeu\Setting\Ajc Transfer\FrmAjcTransfer.dfm","Ajc Transfer"
"FrmAjcTransfer.pas",".pas","D:\pwtkeu\Setting\Ajc Transfer\FrmAjcTransfer.pas","Ajc Transfer"
"FrmAjcTransferPajak.dfm",".dfm","D:\pwtkeu\Setting\Ajc Transfer\FrmAjcTransferPajak.dfm","Ajc Transfer"
"FrmAjcTransferPajak.pas",".pas","D:\pwtkeu\Setting\Ajc Transfer\FrmAjcTransferPajak.pas","Ajc Transfer"
"FrmSubAjcTransfer.dfm",".dfm","D:\pwtkeu\Setting\Ajc Transfer\FrmSubAjcTransfer.dfm","Ajc Transfer"
"FrmSubAjcTransfer.pas",".pas","D:\pwtkeu\Setting\Ajc Transfer\FrmSubAjcTransfer.pas","Ajc Transfer"
"FrmSubAjcTransferPajak.dfm",".dfm","D:\pwtkeu\Setting\Ajc Transfer\FrmSubAjcTransferPajak.dfm","Ajc Transfer"
"FrmSubAjcTransferPajak.pas",".pas","D:\pwtkeu\Setting\Ajc Transfer\FrmSubAjcTransferPajak.pas","Ajc Transfer"
"FrmSetAkesGudang.dfm",".dfm","D:\pwtkeu\Setting\AksesGudang\FrmSetAkesGudang.dfm","AksesGudang"
"FrmSetAkesGudang.pas",".pas","D:\pwtkeu\Setting\AksesGudang\FrmSetAkesGudang.pas","AksesGudang"
"FrmSetAkesPerkiraan.dfm",".dfm","D:\pwtkeu\Setting\AksesPerkiraan\FrmSetAkesPerkiraan.dfm","AksesPerkiraan"
"FrmSetAkesPerkiraan.pas",".pas","D:\pwtkeu\Setting\AksesPerkiraan\FrmSetAkesPerkiraan.pas","AksesPerkiraan"
"FrmAktiva.dfm",".dfm","D:\pwtkeu\Master\AktivaTetap\FrmAktiva.dfm","AktivaTetap"
"FrmAktiva.pas",".pas","D:\pwtkeu\Master\AktivaTetap\FrmAktiva.pas","AktivaTetap"
"FrmAktivaFk.dfm",".dfm","D:\pwtkeu\Master\AktivaTetap\FrmAktivaFk.dfm","AktivaTetap"
"FrmAktivaFk.pas",".pas","D:\pwtkeu\Master\AktivaTetap\FrmAktivaFk.pas","AktivaTetap"
"FrmSetSaldoAktiva.dfm",".dfm","D:\pwtkeu\Master\AktivaTetap\FrmSetSaldoAktiva.dfm","AktivaTetap"
"FrmSetSaldoAktiva.pas",".pas","D:\pwtkeu\Master\AktivaTetap\FrmSetSaldoAktiva.pas","AktivaTetap"
"FrmSetSaldoAktivaFk.dfm",".dfm","D:\pwtkeu\Master\AktivaTetap\FrmSetSaldoAktivaFk.dfm","AktivaTetap"
"FrmSetSaldoAktivaFk.pas",".pas","D:\pwtkeu\Master\AktivaTetap\FrmSetSaldoAktivaFk.pas","AktivaTetap"
"FrmSubAktiva.dfm",".dfm","D:\pwtkeu\Master\AktivaTetap\FrmSubAktiva.dfm","AktivaTetap"
"FrmSubAktiva.pas",".pas","D:\pwtkeu\Master\AktivaTetap\FrmSubAktiva.pas","AktivaTetap"
"FrmSubAktivaFk.dfm",".dfm","D:\pwtkeu\Master\AktivaTetap\FrmSubAktivaFk.dfm","AktivaTetap"
"FrmSubAktivaFk.pas",".pas","D:\pwtkeu\Master\AktivaTetap\FrmSubAktivaFk.pas","AktivaTetap"
"FrmAktiva.dfm",".dfm","D:\pwtkeu\Master\AktivaTetapOld\FrmAktiva.dfm","AktivaTetapOld"
"FrmAktiva.pas",".pas","D:\pwtkeu\Master\AktivaTetapOld\FrmAktiva.pas","AktivaTetapOld"
"FrmAktivaFk.dfm",".dfm","D:\pwtkeu\Master\AktivaTetapOld\FrmAktivaFk.dfm","AktivaTetapOld"
"FrmAktivaFk.pas",".pas","D:\pwtkeu\Master\AktivaTetapOld\FrmAktivaFk.pas","AktivaTetapOld"
"FrmSetSaldoAktiva.dfm",".dfm","D:\pwtkeu\Master\AktivaTetapOld\FrmSetSaldoAktiva.dfm","AktivaTetapOld"
"FrmSetSaldoAktiva.pas",".pas","D:\pwtkeu\Master\AktivaTetapOld\FrmSetSaldoAktiva.pas","AktivaTetapOld"
"FrmSetSaldoAktivaFk.dfm",".dfm","D:\pwtkeu\Master\AktivaTetapOld\FrmSetSaldoAktivaFk.dfm","AktivaTetapOld"
"FrmSetSaldoAktivaFk.pas",".pas","D:\pwtkeu\Master\AktivaTetapOld\FrmSetSaldoAktivaFk.pas","AktivaTetapOld"
"FrmSubAktiva.dfm",".dfm","D:\pwtkeu\Master\AktivaTetapOld\FrmSubAktiva.dfm","AktivaTetapOld"
"FrmSubAktiva.pas",".pas","D:\pwtkeu\Master\AktivaTetapOld\FrmSubAktiva.pas","AktivaTetapOld"
"FrmSubAktivaFk.dfm",".dfm","D:\pwtkeu\Master\AktivaTetapOld\FrmSubAktivaFk.dfm","AktivaTetapOld"
"FrmSubAktivaFk.pas",".pas","D:\pwtkeu\Master\AktivaTetapOld\FrmSubAktivaFk.pas","AktivaTetapOld"
"FrmAktivitasUser.dfm",".dfm","D:\pwtkeu\Setting\Aktivitas User\FrmAktivitasUser.dfm","Aktivitas User"
"FrmAktivitasUser.pas",".pas","D:\pwtkeu\Setting\Aktivitas User\FrmAktivitasUser.pas","Aktivitas User"
"FrmAnggaran.dfm",".dfm","D:\pwtkeu\Trasaksi\Anggaran\FrmAnggaran.dfm","Anggaran"
"FrmAnggaran.pas",".pas","D:\pwtkeu\Trasaksi\Anggaran\FrmAnggaran.pas","Anggaran"
"FrmMainAnggaran.dfm",".dfm","D:\pwtkeu\Trasaksi\Anggaran\FrmMainAnggaran.dfm","Anggaran"
"FrmMainAnggaran.pas",".pas","D:\pwtkeu\Trasaksi\Anggaran\FrmMainAnggaran.pas","Anggaran"
"FrmArea.dfm",".dfm","D:\pwtkeu\Master\Area\FrmArea.dfm","Area"
"FrmArea.pas",".pas","D:\pwtkeu\Master\Area\FrmArea.pas","Area"
"FrmSubArea.dfm",".dfm","D:\pwtkeu\Master\Area\FrmSubArea.dfm","Area"
"FrmSubArea.pas",".pas","D:\pwtkeu\Master\Area\FrmSubArea.pas","Area"
"FrmArusKas.dfm",".dfm","D:\pwtkeu\Master\ArusKas\FrmArusKas.dfm","ArusKas"
"FrmArusKas.pas",".pas","D:\pwtkeu\Master\ArusKas\FrmArusKas.pas","ArusKas"
"FrmLapArusKas.dfm",".dfm","D:\pwtkeu\Master\ArusKas\FrmLapArusKas.dfm","ArusKas"
"FrmLapArusKas.pas",".pas","D:\pwtkeu\Master\ArusKas\FrmLapArusKas.pas","ArusKas"
"FrmSubArusKas.dfm",".dfm","D:\pwtkeu\Master\ArusKas\FrmSubArusKas.dfm","ArusKas"
"FrmSubArusKas.pas",".pas","D:\pwtkeu\Master\ArusKas\FrmSubArusKas.pas","ArusKas"
"FrmSubArusKas_.dfm",".dfm","D:\pwtkeu\Master\ArusKas\FrmSubArusKas_.dfm","ArusKas"
"FrmSubArusKas_.pas",".pas","D:\pwtkeu\Master\ArusKas\FrmSubArusKas_.pas","ArusKas"
"FrmSubLapArusKas.dfm",".dfm","D:\pwtkeu\Master\ArusKas\FrmSubLapArusKas.dfm","ArusKas"
"FrmSubLapArusKas.pas",".pas","D:\pwtkeu\Master\ArusKas\FrmSubLapArusKas.pas","ArusKas"
"FrmFinishing.dfm",".dfm","D:\pwtkeu\Trasaksi\Produksi\FinishingBackUp\Asli\FrmFinishing.dfm","Asli"
"FrmFinishing.pas",".pas","D:\pwtkeu\Trasaksi\Produksi\FinishingBackUp\Asli\FrmFinishing.pas","Asli"
"frmASM.dfm",".dfm","D:\pwtkeu\Master\ASM\frmASM.dfm","ASM"
"frmASM.pas",".pas","D:\pwtkeu\Master\ASM\frmASM.pas","ASM"
"FrmSubASM.dfm",".dfm","D:\pwtkeu\Master\ASM\FrmSubASM.dfm","ASM"
"FrmSubASM.pas",".pas","D:\pwtkeu\Master\ASM\FrmSubASM.pas","ASM"
"FrmBagian.dfm",".dfm","D:\pwtkeu\Master\Bagian\FrmBagian.dfm","Bagian"
"FrmBagian.pas",".pas","D:\pwtkeu\Master\Bagian\FrmBagian.pas","Bagian"
"FrmSubBagian.dfm",".dfm","D:\pwtkeu\Master\Bagian\FrmSubBagian.dfm","Bagian"
"FrmSubBagian.pas",".pas","D:\pwtkeu\Master\Bagian\FrmSubBagian.pas","Bagian"
"FrmBarang.dfm",".dfm","D:\pwtkeu\Master\Barang\FrmBarang.dfm","Barang"
"FrmBarang.pas",".pas","D:\pwtkeu\Master\Barang\FrmBarang.pas","Barang"
"FrmBarangJ.dfm",".dfm","D:\pwtkeu\Master\Barang\FrmBarangJ.dfm","Barang"
"FrmBarangJ.pas",".pas","D:\pwtkeu\Master\Barang\FrmBarangJ.pas","Barang"
"FrmBarangL.dfm",".dfm","D:\pwtkeu\Master\Barang\FrmBarangL.dfm","Barang"
"FrmBarangL.pas",".pas","D:\pwtkeu\Master\Barang\FrmBarangL.pas","Barang"
"FrmHargaJual.dfm",".dfm","D:\pwtkeu\Master\Barang\FrmHargaJual.dfm","Barang"
"FrmHargaJual.pas",".pas","D:\pwtkeu\Master\Barang\FrmHargaJual.pas","Barang"
"FrmSubBarang.dfm",".dfm","D:\pwtkeu\Master\Barang\FrmSubBarang.dfm","Barang"
"FrmSubBarang.pas",".pas","D:\pwtkeu\Master\Barang\FrmSubBarang.pas","Barang"
"FrmSubBarangJ.dfm",".dfm","D:\pwtkeu\Master\Barang\FrmSubBarangJ.dfm","Barang"
"FrmSubBarangJ.pas",".pas","D:\pwtkeu\Master\Barang\FrmSubBarangJ.pas","Barang"
"FrmSubBarangL.dfm",".dfm","D:\pwtkeu\Master\Barang\FrmSubBarangL.dfm","Barang"
"FrmSubBarangL.pas",".pas","D:\pwtkeu\Master\Barang\FrmSubBarangL.pas","Barang"
"FrmSubBarangProses.dfm",".dfm","D:\pwtkeu\Master\Barang\FrmSubBarangProses.dfm","Barang"
"FrmSubBarangProses.pas",".pas","D:\pwtkeu\Master\Barang\FrmSubBarangProses.pas","Barang"
"FrmSubBarangSJ.dfm",".dfm","D:\pwtkeu\Master\Barang\FrmSubBarangSJ.dfm","Barang"
"FrmSubBarangSJ.pas",".pas","D:\pwtkeu\Master\Barang\FrmSubBarangSJ.pas","Barang"
"FrmBarangCust.dfm",".dfm","D:\pwtkeu\Master\BarangCustomer\FrmBarangCust.dfm","BarangCustomer"
"FrmBarangCust.pas",".pas","D:\pwtkeu\Master\BarangCustomer\FrmBarangCust.pas","BarangCustomer"
"frmMainBarangCust.dfm",".dfm","D:\pwtkeu\Master\BarangCustomer\frmMainBarangCust.dfm","BarangCustomer"
"frmMainBarangCust.pas",".pas","D:\pwtkeu\Master\BarangCustomer\frmMainBarangCust.pas","BarangCustomer"
"Copy of FrmBarangdanKomisi.dfm",".dfm","D:\pwtkeu\Master\BarangDanKomisi\Copy of FrmBarangdanKomisi.dfm","BarangDanKomisi"
"Frmbarangcustomer.dfm",".dfm","D:\pwtkeu\Master\BarangDanKomisi\Frmbarangcustomer.dfm","BarangDanKomisi"
"Frmbarangcustomer.pas",".pas","D:\pwtkeu\Master\BarangDanKomisi\Frmbarangcustomer.pas","BarangDanKomisi"
"FrmBarangCustomer1.dfm",".dfm","D:\pwtkeu\Master\BarangDanKomisi\FrmBarangCustomer1.dfm","BarangDanKomisi"
"FrmBarangCustomer1.pas",".pas","D:\pwtkeu\Master\BarangDanKomisi\FrmBarangCustomer1.pas","BarangDanKomisi"
"FrmBarangdanKomisi.dfm",".dfm","D:\pwtkeu\Master\BarangDanKomisi\FrmBarangdanKomisi.dfm","BarangDanKomisi"
"FrmBarangdanKomisi.pas",".pas","D:\pwtkeu\Master\BarangDanKomisi\FrmBarangdanKomisi.pas","BarangDanKomisi"
"FrmKomisicustomer.dfm",".dfm","D:\pwtkeu\Master\BarangDanKomisi\FrmKomisicustomer.dfm","BarangDanKomisi"
"FrmKomisicustomer.pas",".pas","D:\pwtkeu\Master\BarangDanKomisi\FrmKomisicustomer.pas","BarangDanKomisi"
"FrmKomisicustomerOld.dfm",".dfm","D:\pwtkeu\Master\BarangDanKomisi\FrmKomisicustomerOld.dfm","BarangDanKomisi"
"FrmKomisicustomerold.pas",".pas","D:\pwtkeu\Master\BarangDanKomisi\FrmKomisicustomerold.pas","BarangDanKomisi"
"FrmBeli.dfm",".dfm","D:\pwtkeu\Trasaksi\Beli\FrmBeli.dfm","Beli"
"FrmBeli.pas",".pas","D:\pwtkeu\Trasaksi\Beli\FrmBeli.pas","Beli"
"FrmBeliBahan.dfm",".dfm","D:\pwtkeu\Trasaksi\Beli\FrmBeliBahan.dfm","Beli"
"FrmBeliBahan.pas",".pas","D:\pwtkeu\Trasaksi\Beli\FrmBeliBahan.pas","Beli"
"FrmBeliNota.dfm",".dfm","D:\pwtkeu\Trasaksi\Beli\FrmBeliNota.dfm","Beli"
"FrmBeliNota.pas",".pas","D:\pwtkeu\Trasaksi\Beli\FrmBeliNota.pas","Beli"
"FrmBeliOld.dfm",".dfm","D:\pwtkeu\Trasaksi\Beli\FrmBeliOld.dfm","Beli"
"FrmBeliOld.pas",".pas","D:\pwtkeu\Trasaksi\Beli\FrmBeliOld.pas","Beli"
"FrmBeliRe.dfm",".dfm","D:\pwtkeu\Trasaksi\Beli\FrmBeliRe.dfm","Beli"
"FrmBeliRe.pas",".pas","D:\pwtkeu\Trasaksi\Beli\FrmBeliRe.pas","Beli"
"FrmBuatBeli.dfm",".dfm","D:\pwtkeu\Trasaksi\Beli\FrmBuatBeli.dfm","Beli"
"FrmBuatBeli.pas",".pas","D:\pwtkeu\Trasaksi\Beli\FrmBuatBeli.pas","Beli"
"FrmBuatBeliBahan.dfm",".dfm","D:\pwtkeu\Trasaksi\Beli\FrmBuatBeliBahan.dfm","Beli"
"FrmBuatBeliBahan.pas",".pas","D:\pwtkeu\Trasaksi\Beli\FrmBuatBeliBahan.pas","Beli"
"FrmDebetB.dfm",".dfm","D:\pwtkeu\Trasaksi\Beli\FrmDebetB.dfm","Beli"
"FrmDebetB.pas",".pas","D:\pwtkeu\Trasaksi\Beli\FrmDebetB.pas","Beli"
"FrmDebetN.dfm",".dfm","D:\pwtkeu\Trasaksi\Beli\FrmDebetN.dfm","Beli"
"FrmDebetN.pas",".pas","D:\pwtkeu\Trasaksi\Beli\FrmDebetN.pas","Beli"
"FrmDPPOut.dfm",".dfm","D:\pwtkeu\Trasaksi\Beli\FrmDPPOut.dfm","Beli"
"FrmDPPOut.pas",".pas","D:\pwtkeu\Trasaksi\Beli\FrmDPPOut.pas","Beli"
"FrmInv.dfm",".dfm","D:\pwtkeu\Trasaksi\Beli\FrmInv.dfm","Beli"
"FrmInv.pas",".pas","D:\pwtkeu\Trasaksi\Beli\FrmInv.pas","Beli"
"FrmMainBeli.dfm",".dfm","D:\pwtkeu\Trasaksi\Beli\FrmMainBeli.dfm","Beli"
"FrmMainBeli.pas",".pas","D:\pwtkeu\Trasaksi\Beli\FrmMainBeli.pas","Beli"
"FrmMainBeliBahan.dfm",".dfm","D:\pwtkeu\Trasaksi\Beli\FrmMainBeliBahan.dfm","Beli"
"FrmMainBeliBahan.pas",".pas","D:\pwtkeu\Trasaksi\Beli\FrmMainBeliBahan.pas","Beli"
"FrmMainBeliNota.dfm",".dfm","D:\pwtkeu\Trasaksi\Beli\FrmMainBeliNota.dfm","Beli"
"FrmMainBeliNota.pas",".pas","D:\pwtkeu\Trasaksi\Beli\FrmMainBeliNota.pas","Beli"
"FrmMainBeliRe.dfm",".dfm","D:\pwtkeu\Trasaksi\Beli\FrmMainBeliRe.dfm","Beli"
"FrmMainBeliRe.pas",".pas","D:\pwtkeu\Trasaksi\Beli\FrmMainBeliRe.pas","Beli"
"FrmMainDebetN.dfm",".dfm","D:\pwtkeu\Trasaksi\Beli\FrmMainDebetN.dfm","Beli"
"FrmMainDebetN.pas",".pas","D:\pwtkeu\Trasaksi\Beli\FrmMainDebetN.pas","Beli"
"FrmMainInv.dfm",".dfm","D:\pwtkeu\Trasaksi\Beli\FrmMainInv.dfm","Beli"
"FrmMainInv.pas",".pas","D:\pwtkeu\Trasaksi\Beli\FrmMainInv.pas","Beli"
"FrmBiaya.dfm",".dfm","D:\pwtkeu\Master\Biaya\FrmBiaya.dfm","Biaya"
"FrmBiaya.pas",".pas","D:\pwtkeu\Master\Biaya\FrmBiaya.pas","Biaya"
"FrmSubBiaya.dfm",".dfm","D:\pwtkeu\Master\Biaya\FrmSubBiaya.dfm","Biaya"
"FrmSubBiaya.pas",".pas","D:\pwtkeu\Master\Biaya\FrmSubBiaya.pas","Biaya"
"FrmBiaya.dfm",".dfm","D:\pwtkeu\Master\Biaya2\FrmBiaya.dfm","Biaya2"
"FrmBiaya.pas",".pas","D:\pwtkeu\Master\Biaya2\FrmBiaya.pas","Biaya2"
"FrmSubBiaya.dfm",".dfm","D:\pwtkeu\Master\Biaya2\FrmSubBiaya.dfm","Biaya2"
"FrmSubBiaya.pas",".pas","D:\pwtkeu\Master\Biaya2\FrmSubBiaya.pas","Biaya2"
"frmBiayaProses.dfm",".dfm","D:\pwtkeu\Master\BiayaProses\frmBiayaProses.dfm","BiayaProses"
"frmBiayaProses.pas",".pas","D:\pwtkeu\Master\BiayaProses\frmBiayaProses.pas","BiayaProses"
"FrmSubBiayaProses.dfm",".dfm","D:\pwtkeu\Master\BiayaProses\FrmSubBiayaProses.dfm","BiayaProses"
"FrmSubBiayaProses.pas",".pas","D:\pwtkeu\Master\BiayaProses\FrmSubBiayaProses.pas","BiayaProses"
"FrmBOM.dfm",".dfm","D:\pwtkeu\Trasaksi\BOM\FrmBOM.dfm","BOM"
"FrmBOM.pas",".pas","D:\pwtkeu\Trasaksi\BOM\FrmBOM.pas","BOM"
"FrmBOMGanti.dfm",".dfm","D:\pwtkeu\Trasaksi\BOM\FrmBOMGanti.dfm","BOM"
"FrmBOMGanti.pas",".pas","D:\pwtkeu\Trasaksi\BOM\FrmBOMGanti.pas","BOM"
"FrmSUBBOM.dfm",".dfm","D:\pwtkeu\Trasaksi\BOM\FrmSUBBOM.dfm","BOM"
"FrmSUBBOM.pas",".pas","D:\pwtkeu\Trasaksi\BOM\FrmSUBBOM.pas","BOM"
"FrmSUBBOMGanti.dfm",".dfm","D:\pwtkeu\Trasaksi\BOM\FrmSUBBOMGanti.dfm","BOM"
"FrmSUBBOMGanti.pas",".pas","D:\pwtkeu\Trasaksi\BOM\FrmSUBBOMGanti.pas","BOM"
"FrmBon.dfm",".dfm","D:\pwtkeu\Trasaksi\Bon Sementara\FrmBon.dfm","Bon Sementara"
"FrmBon.pas",".pas","D:\pwtkeu\Trasaksi\Bon Sementara\FrmBon.pas","Bon Sementara"
"FrmSubBon.dfm",".dfm","D:\pwtkeu\Trasaksi\Bon Sementara\FrmSubBon.dfm","Bon Sementara"
"FrmSubBon.pas",".pas","D:\pwtkeu\Trasaksi\Bon Sementara\FrmSubBon.pas","Bon Sementara"
"FrmMainPB.dfm",".dfm","D:\pwtkeu\Trasaksi\BP\FrmMainPB.dfm","BP"
"FrmMainPB.pas",".pas","D:\pwtkeu\Trasaksi\BP\FrmMainPB.pas","BP"
"FrmMainPBLain.dfm",".dfm","D:\pwtkeu\Trasaksi\BP\FrmMainPBLain.dfm","BP"
"FrmMainPBLain.pas",".pas","D:\pwtkeu\Trasaksi\BP\FrmMainPBLain.pas","BP"
"FrmMainRPB.dfm",".dfm","D:\pwtkeu\Trasaksi\BP\FrmMainRPB.dfm","BP"
"FrmMainRPB.pas",".pas","D:\pwtkeu\Trasaksi\BP\FrmMainRPB.pas","BP"
"FrmMainRPBLain.dfm",".dfm","D:\pwtkeu\Trasaksi\BP\FrmMainRPBLain.dfm","BP"
"FrmMainRPBLain.pas",".pas","D:\pwtkeu\Trasaksi\BP\FrmMainRPBLain.pas","BP"
"FrmPB.dfm",".dfm","D:\pwtkeu\Trasaksi\BP\FrmPB.dfm","BP"
"FrmPB.pas",".pas","D:\pwtkeu\Trasaksi\BP\FrmPB.pas","BP"
"FrmPBLain.dfm",".dfm","D:\pwtkeu\Trasaksi\BP\FrmPBLain.dfm","BP"
"FrmPBLain.pas",".pas","D:\pwtkeu\Trasaksi\BP\FrmPBLain.pas","BP"
"FrmRPB.dfm",".dfm","D:\pwtkeu\Trasaksi\BP\FrmRPB.dfm","BP"
"FrmRPB.pas",".pas","D:\pwtkeu\Trasaksi\BP\FrmRPB.pas","BP"
"FrmRPBLain.dfm",".dfm","D:\pwtkeu\Trasaksi\BP\FrmRPBLain.dfm","BP"
"FrmRPBLain.pas",".pas","D:\pwtkeu\Trasaksi\BP\FrmRPBLain.pas","BP"
"FrmMainPBJadi.dfm",".dfm","D:\pwtkeu\Trasaksi\BPJadi\FrmMainPBJadi.dfm","BPJadi"
"FrmMainPBJadi.pas",".pas","D:\pwtkeu\Trasaksi\BPJadi\FrmMainPBJadi.pas","BPJadi"
"FrmPBJadi.dfm",".dfm","D:\pwtkeu\Trasaksi\BPJadi\FrmPBJadi.dfm","BPJadi"
"FrmPBJadi.pas",".pas","D:\pwtkeu\Trasaksi\BPJadi\FrmPBJadi.pas","BPJadi"
"FrmBPPB.dfm",".dfm","D:\pwtkeu\Trasaksi\BppB\FrmBPPB.dfm","BppB"
"FrmBPPB.pas",".pas","D:\pwtkeu\Trasaksi\BppB\FrmBPPB.pas","BppB"
"FrmBPPBT.dfm",".dfm","D:\pwtkeu\Trasaksi\BppB\FrmBPPBT.dfm","BppB"
"FrmBPPBT.pas",".pas","D:\pwtkeu\Trasaksi\BppB\FrmBPPBT.pas","BppB"
"FrmMainBPPB.dfm",".dfm","D:\pwtkeu\Trasaksi\BppB\FrmMainBPPB.dfm","BppB"
"FrmMainBPPB.pas",".pas","D:\pwtkeu\Trasaksi\BppB\FrmMainBPPB.pas","BppB"
"FrmMainBPPBT.dfm",".dfm","D:\pwtkeu\Trasaksi\BppB\FrmMainBPPBT.dfm","BppB"
"FrmMainBPPBT.pas",".pas","D:\pwtkeu\Trasaksi\BppB\FrmMainBPPBT.pas","BppB"
"FrmMainPBSampel.dfm",".dfm","D:\pwtkeu\Trasaksi\BPSample\FrmMainPBSampel.dfm","BPSample"
"FrmMainPBSampel.pas",".pas","D:\pwtkeu\Trasaksi\BPSample\FrmMainPBSampel.pas","BPSample"
"FrmMainPBSample.dfm",".dfm","D:\pwtkeu\Trasaksi\BPSample\FrmMainPBSample.dfm","BPSample"
"FrmMainPBSample.pas",".pas","D:\pwtkeu\Trasaksi\BPSample\FrmMainPBSample.pas","BPSample"
"FrmMainRPBSampel.dfm",".dfm","D:\pwtkeu\Trasaksi\BPSample\FrmMainRPBSampel.dfm","BPSample"
"FrmMainRPBSampel.pas",".pas","D:\pwtkeu\Trasaksi\BPSample\FrmMainRPBSampel.pas","BPSample"
"FrmPBSampel.dfm",".dfm","D:\pwtkeu\Trasaksi\BPSample\FrmPBSampel.dfm","BPSample"
"FrmPBSampel.pas",".pas","D:\pwtkeu\Trasaksi\BPSample\FrmPBSampel.pas","BPSample"
"FrmPBSample.dfm",".dfm","D:\pwtkeu\Trasaksi\BPSample\FrmPBSample.dfm","BPSample"
"FrmPBSample.pas",".pas","D:\pwtkeu\Trasaksi\BPSample\FrmPBSample.pas","BPSample"
"FrmRPBSampel.dfm",".dfm","D:\pwtkeu\Trasaksi\BPSample\FrmRPBSampel.dfm","BPSample"
"FrmRPBSampel.pas",".pas","D:\pwtkeu\Trasaksi\BPSample\FrmRPBSampel.pas","BPSample"
"FrmBrows.dfm",".dfm","D:\pwtkeu\Browsing\FrmBrows.dfm","Browsing"
"FrmBrows.pas",".pas","D:\pwtkeu\Browsing\FrmBrows.pas","Browsing"
"FrmBrows2.dfm",".dfm","D:\pwtkeu\Browsing\FrmBrows2.dfm","Browsing"
"FrmBrows2.pas",".pas","D:\pwtkeu\Browsing\FrmBrows2.pas","Browsing"
"FrmMainPOOut.dfm",".dfm","D:\pwtkeu\Trasaksi\CLOSINGPO\FrmMainPOOut.dfm","CLOSINGPO"
"FrmMainPOOut.pas",".pas","D:\pwtkeu\Trasaksi\CLOSINGPO\FrmMainPOOut.pas","CLOSINGPO"
"FrmMainPROUT.dfm",".dfm","D:\pwtkeu\Trasaksi\CLOSINGPR\FrmMainPROUT.dfm","CLOSINGPR"
"FrmMainPROUT.pas",".pas","D:\pwtkeu\Trasaksi\CLOSINGPR\FrmMainPROUT.pas","CLOSINGPR"
"FrmMainCloseSO.dfm",".dfm","D:\pwtkeu\Trasaksi\CLOSINGSO\FrmMainCloseSO.dfm","CLOSINGSO"
"FrmMainCloseSO.pas",".pas","D:\pwtkeu\Trasaksi\CLOSINGSO\FrmMainCloseSO.pas","CLOSINGSO"
"FrmContact.dfm",".dfm","D:\pwtkeu\Master\Contact\FrmContact.dfm","Contact"
"FrmContact.pas",".pas","D:\pwtkeu\Master\Contact\FrmContact.pas","Contact"
"FrmSubContact.dfm",".dfm","D:\pwtkeu\Master\Contact\FrmSubContact.dfm","Contact"
"FrmSubContact.pas",".pas","D:\pwtkeu\Master\Contact\FrmSubContact.pas","Contact"
"FrmAlamatCust.dfm",".dfm","D:\pwtkeu\Master\Customer\FrmAlamatCust.dfm","Customer"
"FrmAlamatCust.pas",".pas","D:\pwtkeu\Master\Customer\FrmAlamatCust.pas","Customer"
"FrmCustomer.dfm",".dfm","D:\pwtkeu\Master\Customer\FrmCustomer.dfm","Customer"
"FrmCustomer.pas",".pas","D:\pwtkeu\Master\Customer\FrmCustomer.pas","Customer"
"FrmSubCustomer.dfm",".dfm","D:\pwtkeu\Master\Customer\FrmSubCustomer.dfm","Customer"
"FrmSubCustomer.pas",".pas","D:\pwtkeu\Master\Customer\FrmSubCustomer.pas","Customer"
"FrmAlamatCust.dfm",".dfm","D:\pwtkeu\Master\CustSupp\FrmAlamatCust.dfm","CustSupp"
"FrmAlamatCust.pas",".pas","D:\pwtkeu\Master\CustSupp\FrmAlamatCust.pas","CustSupp"
"FrmCustomer.dfm",".dfm","D:\pwtkeu\Master\CustSupp\FrmCustomer.dfm","CustSupp"
"FrmCustomer.pas",".pas","D:\pwtkeu\Master\CustSupp\FrmCustomer.pas","CustSupp"
"FrmSubCustomer.dfm",".dfm","D:\pwtkeu\Master\CustSupp\FrmSubCustomer.dfm","CustSupp"
"FrmSubCustomer.pas",".pas","D:\pwtkeu\Master\CustSupp\FrmSubCustomer.pas","CustSupp"
"FrmDasboard.dfm",".dfm","D:\pwtkeu\Dasboard\FrmDasboard.dfm","Dasboard"
"FrmDasboard.pas",".pas","D:\pwtkeu\Dasboard\FrmDasboard.pas","Dasboard"
"FrmDepart.dfm",".dfm","D:\pwtkeu\Master\DEPART\FrmDepart.dfm","DEPART"
"FrmDepart.pas",".pas","D:\pwtkeu\Master\DEPART\FrmDepart.pas","DEPART"
"FrmSubDepart.dfm",".dfm","D:\pwtkeu\Master\DEPART\FrmSubDepart.dfm","DEPART"
"FrmSubDepart.pas",".pas","D:\pwtkeu\Master\DEPART\FrmSubDepart.pas","DEPART"
"FrmDeposito.dfm",".dfm","D:\pwtkeu\Master\DEPOSITO\FrmDeposito.dfm","DEPOSITO"
"FrmDeposito.pas",".pas","D:\pwtkeu\Master\DEPOSITO\FrmDeposito.pas","DEPOSITO"
"FrmSubDeposito.dfm",".dfm","D:\pwtkeu\Master\DEPOSITO\FrmSubDeposito.dfm","DEPOSITO"
"FrmSubDeposito.pas",".pas","D:\pwtkeu\Master\DEPOSITO\FrmSubDeposito.pas","DEPOSITO"
"FrmDesain.dfm",".dfm","D:\pwtkeu\Trasaksi\Desain\FrmDesain.dfm","Desain"
"FrmDesain.pas",".pas","D:\pwtkeu\Trasaksi\Desain\FrmDesain.pas","Desain"
"FrmKota.dfm",".dfm","D:\pwtkeu\Trasaksi\Desain\FrmKota.dfm","Desain"
"FrmKota.pas",".pas","D:\pwtkeu\Trasaksi\Desain\FrmKota.pas","Desain"
"FrmSubDesain.dfm",".dfm","D:\pwtkeu\Trasaksi\Desain\FrmSubDesain.dfm","Desain"
"FrmSubDesain.pas",".pas","D:\pwtkeu\Trasaksi\Desain\FrmSubDesain.pas","Desain"
"FrmSubKota.dfm",".dfm","D:\pwtkeu\Trasaksi\Desain\FrmSubKota.dfm","Desain"
"FrmSubKota.pas",".pas","D:\pwtkeu\Trasaksi\Desain\FrmSubKota.pas","Desain"
"FrmDevGudang.dfm",".dfm","D:\pwtkeu\Master\Devisi\FrmDevGudang.dfm","Devisi"
"FrmDevGudang.pas",".pas","D:\pwtkeu\Master\Devisi\FrmDevGudang.pas","Devisi"
"FrmDevisi.dfm",".dfm","D:\pwtkeu\Master\Devisi\FrmDevisi.dfm","Devisi"
"FrmDevisi.pas",".pas","D:\pwtkeu\Master\Devisi\FrmDevisi.pas","Devisi"
"FrmSubDevisi.dfm",".dfm","D:\pwtkeu\Master\Devisi\FrmSubDevisi.dfm","Devisi"
"FrmSubDevisi.pas",".pas","D:\pwtkeu\Master\Devisi\FrmSubDevisi.pas","Devisi"
"FrmDiskonHarian.dfm",".dfm","D:\pwtkeu\Master\DiskonHarian\FrmDiskonHarian.dfm","DiskonHarian"
"FrmDiskonHarian.pas",".pas","D:\pwtkeu\Master\DiskonHarian\FrmDiskonHarian.pas","DiskonHarian"
"FrmSubDiskonHarian.dfm",".dfm","D:\pwtkeu\Master\DiskonHarian\FrmSubDiskonHarian.dfm","DiskonHarian"
"FrmSubDiskonHarian.pas",".pas","D:\pwtkeu\Master\DiskonHarian\FrmSubDiskonHarian.pas","DiskonHarian"
"FrmEkspedisi.dfm",".dfm","D:\pwtkeu\Master\Ekspedisi\FrmEkspedisi.dfm","Ekspedisi"
"FrmEkspedisi.pas",".pas","D:\pwtkeu\Master\Ekspedisi\FrmEkspedisi.pas","Ekspedisi"
"FrmSubEkspedisi.dfm",".dfm","D:\pwtkeu\Master\Ekspedisi\FrmSubEkspedisi.dfm","Ekspedisi"
"FrmSubEkspedisi.pas",".pas","D:\pwtkeu\Master\Ekspedisi\FrmSubEkspedisi.pas","Ekspedisi"
"FrmFakturPajak.dfm",".dfm","D:\pwtkeu\Trasaksi\FakturPajak\FrmFakturPajak.dfm","FakturPajak"
"FrmFakturPajak.pas",".pas","D:\pwtkeu\Trasaksi\FakturPajak\FrmFakturPajak.pas","FakturPajak"
"FrmIsiNoFPJ.dfm",".dfm","D:\pwtkeu\Trasaksi\FakturPajak\FrmIsiNoFPJ.dfm","FakturPajak"
"FrmIsiNoFPJ.pas",".pas","D:\pwtkeu\Trasaksi\FakturPajak\FrmIsiNoFPJ.pas","FakturPajak"
"FrmFakturPajakRBeli.dfm",".dfm","D:\pwtkeu\Trasaksi\FakturPajakRBeli\FrmFakturPajakRBeli.dfm","FakturPajakRBeli"
"FrmFakturPajakRBeli.pas",".pas","D:\pwtkeu\Trasaksi\FakturPajakRBeli\FrmFakturPajakRBeli.pas","FakturPajakRBeli"
"FrmIsiNoFPJRBeli.dfm",".dfm","D:\pwtkeu\Trasaksi\FakturPajakRBeli\FrmIsiNoFPJRBeli.dfm","FakturPajakRBeli"
"FrmIsiNoFPJRBeli.pas",".pas","D:\pwtkeu\Trasaksi\FakturPajakRBeli\FrmIsiNoFPJRBeli.pas","FakturPajakRBeli"
"FrmGiro.dfm",".dfm","D:\pwtkeu\Master\GIRO\FrmGiro.dfm","GIRO"
"FrmGiro.pas",".pas","D:\pwtkeu\Master\GIRO\FrmGiro.pas","GIRO"
"FrmSubGiro.dfm",".dfm","D:\pwtkeu\Master\GIRO\FrmSubGiro.dfm","GIRO"
"FrmSubGiro.pas",".pas","D:\pwtkeu\Master\GIRO\FrmSubGiro.pas","GIRO"
"FrmBahan.dfm",".dfm","D:\pwtkeu\Master\Group\FrmBahan.dfm","Group"
"FrmBahan.pas",".pas","D:\pwtkeu\Master\Group\FrmBahan.pas","Group"
"FrmGroup.dfm",".dfm","D:\pwtkeu\Master\Group\FrmGroup.dfm","Group"
"FrmGroup.pas",".pas","D:\pwtkeu\Master\Group\FrmGroup.pas","Group"
"FrmSubBahan.dfm",".dfm","D:\pwtkeu\Master\Group\FrmSubBahan.dfm","Group"
"FrmSubBahan.pas",".pas","D:\pwtkeu\Master\Group\FrmSubBahan.pas","Group"
"FrmSubGroup.dfm",".dfm","D:\pwtkeu\Master\Group\FrmSubGroup.dfm","Group"
"FrmSubGroup.pas",".pas","D:\pwtkeu\Master\Group\FrmSubGroup.pas","Group"
"FrmSubGroup_.dfm",".dfm","D:\pwtkeu\Master\Group\FrmSubGroup_.dfm","Group"
"FrmSubGroup_.pas",".pas","D:\pwtkeu\Master\Group\FrmSubGroup_.pas","Group"
"FrmSubGroup_JnsTambah.dfm",".dfm","D:\pwtkeu\Master\Group\FrmSubGroup_JnsTambah.dfm","Group"
"FrmSubGroup_JnsTambah.pas",".pas","D:\pwtkeu\Master\Group\FrmSubGroup_JnsTambah.pas","Group"
"frmGudang.dfm",".dfm","D:\pwtkeu\Master\Gudang\frmGudang.dfm","Gudang"
"frmGudang.pas",".pas","D:\pwtkeu\Master\Gudang\frmGudang.pas","Gudang"
"FrmLokasi.dfm",".dfm","D:\pwtkeu\Master\Gudang\FrmLokasi.dfm","Gudang"
"FrmLokasi.pas",".pas","D:\pwtkeu\Master\Gudang\FrmLokasi.pas","Gudang"
"FrmSubGudang.dfm",".dfm","D:\pwtkeu\Master\Gudang\FrmSubGudang.dfm","Gudang"
"FrmSubGudang.pas",".pas","D:\pwtkeu\Master\Gudang\FrmSubGudang.pas","Gudang"
"frmHargaJual.dfm",".dfm","D:\pwtkeu\Master\HargaJual\frmHargaJual.dfm","HargaJual"
"frmHargaJual.pas",".pas","D:\pwtkeu\Master\HargaJual\frmHargaJual.pas","HargaJual"
"FrmSubHargaJual.dfm",".dfm","D:\pwtkeu\Master\HargaJual\FrmSubHargaJual.dfm","HargaJual"
"FrmSubHargaJual.pas",".pas","D:\pwtkeu\Master\HargaJual\FrmSubHargaJual.pas","HargaJual"
"FrmHasilP.dfm",".dfm","D:\pwtkeu\Trasaksi\Hasil Produksi\FrmHasilP.dfm","Hasil Produksi"
"FrmHasilP.pas",".pas","D:\pwtkeu\Trasaksi\Hasil Produksi\FrmHasilP.pas","Hasil Produksi"
"FrmHasilPLuar.dfm",".dfm","D:\pwtkeu\Trasaksi\Hasil Produksi\FrmHasilPLuar.dfm","Hasil Produksi"
"FrmHasilPLuar.pas",".pas","D:\pwtkeu\Trasaksi\Hasil Produksi\FrmHasilPLuar.pas","Hasil Produksi"
"FrmMainHasilP.dfm",".dfm","D:\pwtkeu\Trasaksi\Hasil Produksi\FrmMainHasilP.dfm","Hasil Produksi"
"FrmMainHasilP.pas",".pas","D:\pwtkeu\Trasaksi\Hasil Produksi\FrmMainHasilP.pas","Hasil Produksi"
"FrmMainHasilPLuar.dfm",".dfm","D:\pwtkeu\Trasaksi\Hasil Produksi\FrmMainHasilPLuar.dfm","Hasil Produksi"
"FrmMainHasilPLuar.pas",".pas","D:\pwtkeu\Trasaksi\Hasil Produksi\FrmMainHasilPLuar.pas","Hasil Produksi"
"FrmHasilPPesan.dfm",".dfm","D:\pwtkeu\Trasaksi\HasilProduksiPesan\FrmHasilPPesan.dfm","HasilProduksiPesan"
"FrmHasilPPesan.pas",".pas","D:\pwtkeu\Trasaksi\HasilProduksiPesan\FrmHasilPPesan.pas","HasilProduksiPesan"
"FrmMainHasilPPesan.dfm",".dfm","D:\pwtkeu\Trasaksi\HasilProduksiPesan\FrmMainHasilPPesan.dfm","HasilProduksiPesan"
"FrmMainHasilPPesan.pas",".pas","D:\pwtkeu\Trasaksi\HasilProduksiPesan\FrmMainHasilPPesan.pas","HasilProduksiPesan"
"FrmHitungUlang.dfm",".dfm","D:\pwtkeu\Setting\HitungUlang\FrmHitungUlang.dfm","HitungUlang"
"FrmHitungUlang.pas",".pas","D:\pwtkeu\Setting\HitungUlang\FrmHitungUlang.pas","HitungUlang"
"FrmHitungUlangD.dfm",".dfm","D:\pwtkeu\Setting\HitungUlangD\FrmHitungUlangD.dfm","HitungUlangD"
"FrmHitungUlangD.pas",".pas","D:\pwtkeu\Setting\HitungUlangD\FrmHitungUlangD.pas","HitungUlangD"
"frmHPPProduksi(old).dfm",".dfm","D:\pwtkeu\Master\HPPProduksi\frmHPPProduksi(old).dfm","HPPProduksi"
"frmHPPProduksi(OLD).pas",".pas","D:\pwtkeu\Master\HPPProduksi\frmHPPProduksi(OLD).pas","HPPProduksi"
"frmHPPProduksi.dfm",".dfm","D:\pwtkeu\Master\HPPProduksi\frmHPPProduksi.dfm","HPPProduksi"
"frmHPPProduksi.pas",".pas","D:\pwtkeu\Master\HPPProduksi\frmHPPProduksi.pas","HPPProduksi"
"FrmHPPProduksi_old.dfm",".dfm","D:\pwtkeu\Master\HPPProduksi\FrmHPPProduksi_old.dfm","HPPProduksi"
"FrmHPPProduksi_old.pas",".pas","D:\pwtkeu\Master\HPPProduksi\FrmHPPProduksi_old.pas","HPPProduksi"
"FrmSubHppProduksi(OLD).dfm",".dfm","D:\pwtkeu\Master\HPPProduksi\FrmSubHppProduksi(OLD).dfm","HPPProduksi"
"FrmSubHppProduksi(Old).pas",".pas","D:\pwtkeu\Master\HPPProduksi\FrmSubHppProduksi(Old).pas","HPPProduksi"
"FrmSubHppProduksi.dfm",".dfm","D:\pwtkeu\Master\HPPProduksi\FrmSubHppProduksi.dfm","HPPProduksi"
"FrmSubHppProduksi.pas",".pas","D:\pwtkeu\Master\HPPProduksi\FrmSubHppProduksi.pas","HPPProduksi"
"FrmSubHPPProduksi_old.dfm",".dfm","D:\pwtkeu\Master\HPPProduksi\FrmSubHPPProduksi_old.dfm","HPPProduksi"
"FrmSubHPPProduksi_old.pas",".pas","D:\pwtkeu\Master\HPPProduksi\FrmSubHPPProduksi_old.pas","HPPProduksi"
"FrmHutang.dfm",".dfm","D:\pwtkeu\Master\Hutang\FrmHutang.dfm","Hutang"
"FrmHutang.pas",".pas","D:\pwtkeu\Master\Hutang\FrmHutang.pas","Hutang"
"FrmHutangAwal.dfm",".dfm","D:\pwtkeu\Master\Hutang\FrmHutangAwal.dfm","Hutang"
"FrmHutangAwal.pas",".pas","D:\pwtkeu\Master\Hutang\FrmHutangAwal.pas","Hutang"
"FrmInvoicePL.dfm",".dfm","D:\pwtkeu\Trasaksi\InvoicePL\FrmInvoicePL.dfm","InvoicePL"
"FrmInvoicePL.pas",".pas","D:\pwtkeu\Trasaksi\InvoicePL\FrmInvoicePL.pas","InvoicePL"
"FrmInvoicePLProses(1).dfm",".dfm","D:\pwtkeu\Trasaksi\InvoicePL\FrmInvoicePLProses(1).dfm","InvoicePL"
"FrmInvoicePLProses(1).pas",".pas","D:\pwtkeu\Trasaksi\InvoicePL\FrmInvoicePLProses(1).pas","InvoicePL"
"FrmInvoicePLProses.dfm",".dfm","D:\pwtkeu\Trasaksi\InvoicePL\FrmInvoicePLProses.dfm","InvoicePL"
"FrmInvoicePLProses.pas",".pas","D:\pwtkeu\Trasaksi\InvoicePL\FrmInvoicePLProses.pas","InvoicePL"
"FrmInvoicePLProsesTransaksi.dfm",".dfm","D:\pwtkeu\Trasaksi\InvoicePL\FrmInvoicePLProsesTransaksi.dfm","InvoicePL"
"FrmInvoicePLProsesTransaksi.pas",".pas","D:\pwtkeu\Trasaksi\InvoicePL\FrmInvoicePLProsesTransaksi.pas","InvoicePL"
"FrmMainInvoicePL.dfm",".dfm","D:\pwtkeu\Trasaksi\InvoicePL\FrmMainInvoicePL.dfm","InvoicePL"
"FrmMainInvoicePL.pas",".pas","D:\pwtkeu\Trasaksi\InvoicePL\FrmMainInvoicePL.pas","InvoicePL"
"FrmMainUMInvoicePL.dfm",".dfm","D:\pwtkeu\Trasaksi\InvoicePL\FrmMainUMInvoicePL.dfm","InvoicePL"
"FrmMainUMInvoicePL.pas",".pas","D:\pwtkeu\Trasaksi\InvoicePL\FrmMainUMInvoicePL.pas","InvoicePL"
"FrmNoBuktiInvoicePL.dfm",".dfm","D:\pwtkeu\Trasaksi\InvoicePL\FrmNoBuktiInvoicePL.dfm","InvoicePL"
"FrmNoBuktiInvoicePL.pas",".pas","D:\pwtkeu\Trasaksi\InvoicePL\FrmNoBuktiInvoicePL.pas","InvoicePL"
"FrmUMInvoicePL.dfm",".dfm","D:\pwtkeu\Trasaksi\InvoicePL\FrmUMInvoicePL.dfm","InvoicePL"
"FrmUMInvoicePL.pas",".pas","D:\pwtkeu\Trasaksi\InvoicePL\FrmUMInvoicePL.pas","InvoicePL"
"FrmUMInvoicePLProses.dfm",".dfm","D:\pwtkeu\Trasaksi\InvoicePL\FrmUMInvoicePLProses.dfm","InvoicePL"
"FrmUMInvoicePLProses.pas",".pas","D:\pwtkeu\Trasaksi\InvoicePL\FrmUMInvoicePLProses.pas","InvoicePL"
"FrmInvoiceRPJ.dfm",".dfm","D:\pwtkeu\Trasaksi\InvoiceRPJ\FrmInvoiceRPJ.dfm","InvoiceRPJ"
"FrmInvoiceRPJ.pas",".pas","D:\pwtkeu\Trasaksi\InvoiceRPJ\FrmInvoiceRPJ.pas","InvoiceRPJ"
"FrmMainInvoiceRPJ.dfm",".dfm","D:\pwtkeu\Trasaksi\InvoiceRPJ\FrmMainInvoiceRPJ.dfm","InvoiceRPJ"
"FrmMainInvoiceRPJ.pas",".pas","D:\pwtkeu\Trasaksi\InvoiceRPJ\FrmMainInvoiceRPJ.pas","InvoiceRPJ"
"FrmJabatan.dfm",".dfm","D:\pwtkeu\Master\Jabatan\FrmJabatan.dfm","Jabatan"
"FrmJabatan.pas",".pas","D:\pwtkeu\Master\Jabatan\FrmJabatan.pas","Jabatan"
"FrmSubJabatan.dfm",".dfm","D:\pwtkeu\Master\Jabatan\FrmSubJabatan.dfm","Jabatan"
"FrmSubJabatan.pas",".pas","D:\pwtkeu\Master\Jabatan\FrmSubJabatan.pas","Jabatan"
"frmJadwalPRD.dfm",".dfm","D:\pwtkeu\Master\JADWAL PRD\frmJadwalPRD.dfm","JADWAL PRD"
"frmJadwalPRD.pas",".pas","D:\pwtkeu\Master\JADWAL PRD\frmJadwalPRD.pas","JADWAL PRD"
"FrmSubJadwalPRD.dfm",".dfm","D:\pwtkeu\Master\JADWAL PRD\FrmSubJadwalPRD.dfm","JADWAL PRD"
"FrmSubJadwalPRD.pas",".pas","D:\pwtkeu\Master\JADWAL PRD\FrmSubJadwalPRD.pas","JADWAL PRD"
"FrmMainJadwalProduksi.dfm",".dfm","D:\pwtkeu\Trasaksi\JadwalProduksi\FrmMainJadwalProduksi.dfm","JadwalProduksi"
"FrmMainJadwalProduksi.pas",".pas","D:\pwtkeu\Trasaksi\JadwalProduksi\FrmMainJadwalProduksi.pas","JadwalProduksi"
"FrmJenisBrg.dfm",".dfm","D:\pwtkeu\Master\Jenis Barang\FrmJenisBrg.dfm","Jenis Barang"
"FrmJenisBrg.pas",".pas","D:\pwtkeu\Master\Jenis Barang\FrmJenisBrg.pas","Jenis Barang"
"frmSubJenisBrg.dfm",".dfm","D:\pwtkeu\Master\Jenis Barang\frmSubJenisBrg.dfm","Jenis Barang"
"frmSubJenisBrg.pas",".pas","D:\pwtkeu\Master\Jenis Barang\frmSubJenisBrg.pas","Jenis Barang"
"FrmJenisBrg.dfm",".dfm","D:\pwtkeu\Master\JenisBrg\FrmJenisBrg.dfm","JenisBrg"
"FrmJenisBrg.pas",".pas","D:\pwtkeu\Master\JenisBrg\FrmJenisBrg.pas","JenisBrg"
"FrmSubJenisBrg.dfm",".dfm","D:\pwtkeu\Master\JenisBrg\FrmSubJenisBrg.dfm","JenisBrg"
"FrmSubJenisBrg.pas",".pas","D:\pwtkeu\Master\JenisBrg\FrmSubJenisBrg.pas","JenisBrg"
"FrmSubJenisBrg_.dfm",".dfm","D:\pwtkeu\Master\JenisBrg\FrmSubJenisBrg_.dfm","JenisBrg"
"FrmSubJenisBrg_.pas",".pas","D:\pwtkeu\Master\JenisBrg\FrmSubJenisBrg_.pas","JenisBrg"
"FrmSubJenisBrg_Sub.dfm",".dfm","D:\pwtkeu\Master\JenisBrg\FrmSubJenisBrg_Sub.dfm","JenisBrg"
"FrmSubJenisBrg_Sub.pas",".pas","D:\pwtkeu\Master\JenisBrg\FrmSubJenisBrg_Sub.pas","JenisBrg"
"FrmJenisBrgJadi.dfm",".dfm","D:\pwtkeu\Master\JenisBrgJadi\FrmJenisBrgJadi.dfm","JenisBrgJadi"
"FrmJenisBrgJadi.pas",".pas","D:\pwtkeu\Master\JenisBrgJadi\FrmJenisBrgJadi.pas","JenisBrgJadi"
"FrmSubJenisBrgJadi.dfm",".dfm","D:\pwtkeu\Master\JenisBrgJadi\FrmSubJenisBrgJadi.dfm","JenisBrgJadi"
"FrmSubJenisBrgJadi.pas",".pas","D:\pwtkeu\Master\JenisBrgJadi\FrmSubJenisBrgJadi.pas","JenisBrgJadi"
"FrmSubJenisBrgJadi_.dfm",".dfm","D:\pwtkeu\Master\JenisBrgJadi\FrmSubJenisBrgJadi_.dfm","JenisBrgJadi"
"FrmSubJenisBrgJadi_.pas",".pas","D:\pwtkeu\Master\JenisBrgJadi\FrmSubJenisBrgJadi_.pas","JenisBrgJadi"
"FrmSubJenisBrgJadi_Sub.dfm",".dfm","D:\pwtkeu\Master\JenisBrgJadi\FrmSubJenisBrgJadi_Sub.dfm","JenisBrgJadi"
"FrmSubJenisBrgJadi_Sub.pas",".pas","D:\pwtkeu\Master\JenisBrgJadi\FrmSubJenisBrgJadi_Sub.pas","JenisBrgJadi"
"frmJenisCust.dfm",".dfm","D:\pwtkeu\Master\JenisCustomer\frmJenisCust.dfm","JenisCustomer"
"frmJenisCust.pas",".pas","D:\pwtkeu\Master\JenisCustomer\frmJenisCust.pas","JenisCustomer"
"FrmSubJenisCust.dfm",".dfm","D:\pwtkeu\Master\JenisCustomer\FrmSubJenisCust.dfm","JenisCustomer"
"FrmSubJenisCust.pas",".pas","D:\pwtkeu\Master\JenisCustomer\FrmSubJenisCust.pas","JenisCustomer"
"FrmJenisTambahan.dfm",".dfm","D:\pwtkeu\Master\JenisTambahan\FrmJenisTambahan.dfm","JenisTambahan"
"FrmJenisTambahan.pas",".pas","D:\pwtkeu\Master\JenisTambahan\FrmJenisTambahan.pas","JenisTambahan"
"FrmSubJenisTambahan.dfm",".dfm","D:\pwtkeu\Master\JenisTambahan\FrmSubJenisTambahan.dfm","JenisTambahan"
"FrmSubJenisTambahan.pas",".pas","D:\pwtkeu\Master\JenisTambahan\FrmSubJenisTambahan.pas","JenisTambahan"
"FrmSubJenisTambahan_.dfm",".dfm","D:\pwtkeu\Master\JenisTambahan\FrmSubJenisTambahan_.dfm","JenisTambahan"
"FrmSubJenisTambahan_.pas",".pas","D:\pwtkeu\Master\JenisTambahan\FrmSubJenisTambahan_.pas","JenisTambahan"
"FrmJenisPemakaian.dfm",".dfm","D:\pwtkeu\Master\JnsPakai\FrmJenisPemakaian.dfm","JnsPakai"
"FrmJenisPemakaian.pas",".pas","D:\pwtkeu\Master\JnsPakai\FrmJenisPemakaian.pas","JnsPakai"
"frmJnsPemakaian.dfm",".dfm","D:\pwtkeu\Master\JnsPakai\frmJnsPemakaian.dfm","JnsPakai"
"frmJnsPemakaian.pas",".pas","D:\pwtkeu\Master\JnsPakai\frmJnsPemakaian.pas","JnsPakai"
"FrmSubJenisPemakaian.dfm",".dfm","D:\pwtkeu\Master\JnsPakai\FrmSubJenisPemakaian.dfm","JnsPakai"
"FrmSubJenisPemakaian.pas",".pas","D:\pwtkeu\Master\JnsPakai\FrmSubJenisPemakaian.pas","JnsPakai"
"FrmJualKasir.dfm",".dfm","D:\pwtkeu\Trasaksi\JualKasir\FrmJualKasir.dfm","JualKasir"
"FrmJualKasir.pas",".pas","D:\pwtkeu\Trasaksi\JualKasir\FrmJualKasir.pas","JualKasir"
"FrmMainJualKasir.dfm",".dfm","D:\pwtkeu\Trasaksi\JualKasir\FrmMainJualKasir.dfm","JualKasir"
"FrmMainJualKasir.pas",".pas","D:\pwtkeu\Trasaksi\JualKasir\FrmMainJualKasir.pas","JualKasir"
"FrmPembayaran.dfm",".dfm","D:\pwtkeu\Trasaksi\JualKasir\FrmPembayaran.dfm","JualKasir"
"FrmPembayaran.pas",".pas","D:\pwtkeu\Trasaksi\JualKasir\FrmPembayaran.pas","JualKasir"
"Copy of FrmJualKasirOrder.dfm",".dfm","D:\pwtkeu\Trasaksi\JualKasirOrder\Copy of FrmJualKasirOrder.dfm","JualKasirOrder"
"Copy of FrmJualKasirOrder.pas",".pas","D:\pwtkeu\Trasaksi\JualKasirOrder\Copy of FrmJualKasirOrder.pas","JualKasirOrder"
"FrmJualKasirOrder.dfm",".dfm","D:\pwtkeu\Trasaksi\JualKasirOrder\FrmJualKasirOrder.dfm","JualKasirOrder"
"FrmJualKasirOrder.pas",".pas","D:\pwtkeu\Trasaksi\JualKasirOrder\FrmJualKasirOrder.pas","JualKasirOrder"
"FrmKaryawan.dfm",".dfm","D:\pwtkeu\Master\Karyawan\FrmKaryawan.dfm","Karyawan"
"FrmKaryawan.pas",".pas","D:\pwtkeu\Master\Karyawan\FrmKaryawan.pas","Karyawan"
"FrmSubkaryawan.dfm",".dfm","D:\pwtkeu\Master\Karyawan\FrmSubkaryawan.dfm","Karyawan"
"FrmSubkaryawan.pas",".pas","D:\pwtkeu\Master\Karyawan\FrmSubkaryawan.pas","Karyawan"
"FrmHutPiut.dfm",".dfm","D:\pwtkeu\Trasaksi\KasBank\FrmHutPiut.dfm","KasBank"
"FrmHutPiut.pas",".pas","D:\pwtkeu\Trasaksi\KasBank\FrmHutPiut.pas","KasBank"
"FrmKasBank.dfm",".dfm","D:\pwtkeu\Trasaksi\KasBank\FrmKasBank.dfm","KasBank"
"FrmKasBank.pas",".pas","D:\pwtkeu\Trasaksi\KasBank\FrmKasBank.pas","KasBank"
"FrmKasBankAktiva.dfm",".dfm","D:\pwtkeu\Trasaksi\KasBank\FrmKasBankAktiva.dfm","KasBank"
"FrmKasBankAktiva.pas",".pas","D:\pwtkeu\Trasaksi\KasBank\FrmKasBankAktiva.pas","KasBank"
"FrmKasBankDeposito.dfm",".dfm","D:\pwtkeu\Trasaksi\KasBank\FrmKasBankDeposito.dfm","KasBank"
"FrmKasBankDeposito.pas",".pas","D:\pwtkeu\Trasaksi\KasBank\FrmKasBankDeposito.pas","KasBank"
"FrmKasBankGiro.dfm",".dfm","D:\pwtkeu\Trasaksi\KasBank\FrmKasBankGiro.dfm","KasBank"
"FrmKasBankGiro.pas",".pas","D:\pwtkeu\Trasaksi\KasBank\FrmKasBankGiro.pas","KasBank"
"FrmKasBankHutPiut.dfm",".dfm","D:\pwtkeu\Trasaksi\KasBank\FrmKasBankHutPiut.dfm","KasBank"
"FrmKasBankHutPiut.pas",".pas","D:\pwtkeu\Trasaksi\KasBank\FrmKasBankHutPiut.pas","KasBank"
"FrmMainKasBank.dfm",".dfm","D:\pwtkeu\Trasaksi\KasBank\FrmMainKasBank.dfm","KasBank"
"FrmMainKasBank.pas",".pas","D:\pwtkeu\Trasaksi\KasBank\FrmMainKasBank.pas","KasBank"
"FrmTransAktiva.dfm",".dfm","D:\pwtkeu\Trasaksi\KasBank\FrmTransAktiva.dfm","KasBank"
"FrmTransAktiva.pas",".pas","D:\pwtkeu\Trasaksi\KasBank\FrmTransAktiva.pas","KasBank"
"FrmKategori.dfm",".dfm","D:\pwtkeu\Master\Kategori\FrmKategori.dfm","Kategori"
"FrmKategori.pas",".pas","D:\pwtkeu\Master\Kategori\FrmKategori.pas","Kategori"
"FrmSubKategori.dfm",".dfm","D:\pwtkeu\Master\Kategori\FrmSubKategori.dfm","Kategori"
"FrmSubKategori.pas",".pas","D:\pwtkeu\Master\Kategori\FrmSubKategori.pas","Kategori"
"FrmKategoriBrgJadi.dfm",".dfm","D:\pwtkeu\Master\KategoriBrgJadi\FrmKategoriBrgJadi.dfm","KategoriBrgJadi"
"FrmKategoriBrgJadi.pas",".pas","D:\pwtkeu\Master\KategoriBrgJadi\FrmKategoriBrgJadi.pas","KategoriBrgJadi"
"FrmSubKategoriBrgJadi.dfm",".dfm","D:\pwtkeu\Master\KategoriBrgJadi\FrmSubKategoriBrgJadi.dfm","KategoriBrgJadi"
"FrmSubKategoriBrgJadi.pas",".pas","D:\pwtkeu\Master\KategoriBrgJadi\FrmSubKategoriBrgJadi.pas","KategoriBrgJadi"
"frmKelompokBrg.dfm",".dfm","D:\pwtkeu\Master\Kelompok Barang\frmKelompokBrg.dfm","Kelompok Barang"
"frmKelompokBrg.pas",".pas","D:\pwtkeu\Master\Kelompok Barang\frmKelompokBrg.pas","Kelompok Barang"
"FrmSubKelompokBrg.dfm",".dfm","D:\pwtkeu\Master\Kelompok Barang\FrmSubKelompokBrg.dfm","Kelompok Barang"
"FrmSubKelompokBrg.pas",".pas","D:\pwtkeu\Master\Kelompok Barang\FrmSubKelompokBrg.pas","Kelompok Barang"
"FrmKonfigurasi.dfm",".dfm","D:\pwtkeu\Setting\Konfigurasi\FrmKonfigurasi.dfm","Konfigurasi"
"FrmKonfigurasi.pas",".pas","D:\pwtkeu\Setting\Konfigurasi\FrmKonfigurasi.pas","Konfigurasi"
"FrmKoreksi.dfm",".dfm","D:\pwtkeu\Trasaksi\Koreksi\FrmKoreksi.dfm","Koreksi"
"FrmKoreksi.pas",".pas","D:\pwtkeu\Trasaksi\Koreksi\FrmKoreksi.pas","Koreksi"
"FrmKoreksiBJ.dfm",".dfm","D:\pwtkeu\Trasaksi\Koreksi\FrmKoreksiBJ.dfm","Koreksi"
"FrmKoreksiBJ.pas",".pas","D:\pwtkeu\Trasaksi\Koreksi\FrmKoreksiBJ.pas","Koreksi"
"FrmMainKoreksi.dfm",".dfm","D:\pwtkeu\Trasaksi\Koreksi\FrmMainKoreksi.dfm","Koreksi"
"FrmMainKoreksi.pas",".pas","D:\pwtkeu\Trasaksi\Koreksi\FrmMainKoreksi.pas","Koreksi"
"FrmMainKoreksiBJ.dfm",".dfm","D:\pwtkeu\Trasaksi\Koreksi\FrmMainKoreksiBJ.dfm","Koreksi"
"FrmMainKoreksiBJ.pas",".pas","D:\pwtkeu\Trasaksi\Koreksi\FrmMainKoreksiBJ.pas","Koreksi"
"FrmKoreksiDK.dfm",".dfm","D:\pwtkeu\Trasaksi\KoreksiDK\FrmKoreksiDK.dfm","KoreksiDK"
"FrmKoreksiDK.pas",".pas","D:\pwtkeu\Trasaksi\KoreksiDK\FrmKoreksiDK.pas","KoreksiDK"
"FrmMainKoreksiDk.dfm",".dfm","D:\pwtkeu\Trasaksi\KoreksiDK\FrmMainKoreksiDk.dfm","KoreksiDK"
"FrmMainKoreksiDk.pas",".pas","D:\pwtkeu\Trasaksi\KoreksiDK\FrmMainKoreksiDk.pas","KoreksiDK"
"FrmKota.dfm",".dfm","D:\pwtkeu\Master\Kota\FrmKota.dfm","Kota"
"FrmKota.pas",".pas","D:\pwtkeu\Master\Kota\FrmKota.pas","Kota"
"FrmSubKota.dfm",".dfm","D:\pwtkeu\Master\Kota\FrmSubKota.dfm","Kota"
"FrmSubKota.pas",".pas","D:\pwtkeu\Master\Kota\FrmSubKota.pas","Kota"
"FrmKreditB.dfm",".dfm","D:\pwtkeu\Trasaksi\KreditN\FrmKreditB.dfm","KreditN"
"FrmKreditB.pas",".pas","D:\pwtkeu\Trasaksi\KreditN\FrmKreditB.pas","KreditN"
"FrmKreditN.dfm",".dfm","D:\pwtkeu\Trasaksi\KreditN\FrmKreditN.dfm","KreditN"
"FrmKreditN.pas",".pas","D:\pwtkeu\Trasaksi\KreditN\FrmKreditN.pas","KreditN"
"FrmMainKreditN.dfm",".dfm","D:\pwtkeu\Trasaksi\KreditN\FrmMainKreditN.dfm","KreditN"
"FrmMainKreditN.pas",".pas","D:\pwtkeu\Trasaksi\KreditN\FrmMainKreditN.pas","KreditN"
"FrmLoadDataTXT.dfm",".dfm","D:\pwtkeu\Trasaksi\LoadDataTXT\FrmLoadDataTXT.dfm","LoadDataTXT"
"FrmLoadDataTXT.pas",".pas","D:\pwtkeu\Trasaksi\LoadDataTXT\FrmLoadDataTXT.pas","LoadDataTXT"
"FrmLockPeriod.dfm",".dfm","D:\pwtkeu\Setting\Lock Periode\FrmLockPeriod.dfm","Lock Periode"
"FrmLockPeriod.pas",".pas","D:\pwtkeu\Setting\Lock Periode\FrmLockPeriod.pas","Lock Periode"
"frmLogin.dfm",".dfm","D:\pwtkeu\Setting\Login\frmLogin.dfm","Login"
"frmLogin.pas",".pas","D:\pwtkeu\Setting\Login\frmLogin.pas","Login"
"FrmLR.dfm",".dfm","D:\pwtkeu\Master\LR_HPP\FrmLR.dfm","LR_HPP"
"FrmLR.pas",".pas","D:\pwtkeu\Master\LR_HPP\FrmLR.pas","LR_HPP"
"FrmSubLR.dfm",".dfm","D:\pwtkeu\Master\LR_HPP\FrmSubLR.dfm","LR_HPP"
"FrmSubLR.pas",".pas","D:\pwtkeu\Master\LR_HPP\FrmSubLR.pas","LR_HPP"
"FrmHutPiut.dfm",".dfm","D:\pwtkeu\Trasaksi\Lunas\FrmHutPiut.dfm","Lunas"
"FrmHutPiut.pas",".pas","D:\pwtkeu\Trasaksi\Lunas\FrmHutPiut.pas","Lunas"
"FrmLunas.dfm",".dfm","D:\pwtkeu\Trasaksi\Lunas\FrmLunas.dfm","Lunas"
"FrmLunas.pas",".pas","D:\pwtkeu\Trasaksi\Lunas\FrmLunas.pas","Lunas"
"FrmMainLunas.dfm",".dfm","D:\pwtkeu\Trasaksi\Lunas\FrmMainLunas.dfm","Lunas"
"FrmMainLunas.pas",".pas","D:\pwtkeu\Trasaksi\Lunas\FrmMainLunas.pas","Lunas"
"frmProses.dfm",".dfm","D:\pwtkeu\Master\Master Proses\frmProses.dfm","Master Proses"
"frmProses.pas",".pas","D:\pwtkeu\Master\Master Proses\frmProses.pas","Master Proses"
"FrmSubProses.dfm",".dfm","D:\pwtkeu\Master\Master Proses\FrmSubProses.dfm","Master Proses"
"FrmSubProses.pas",".pas","D:\pwtkeu\Master\Master Proses\FrmSubProses.pas","Master Proses"
"FrmMainMemorial.dfm",".dfm","D:\pwtkeu\Trasaksi\Memorial\FrmMainMemorial.dfm","Memorial"
"FrmMainMemorial.pas",".pas","D:\pwtkeu\Trasaksi\Memorial\FrmMainMemorial.pas","Memorial"
"FrmMemorial.dfm",".dfm","D:\pwtkeu\Trasaksi\Memorial\FrmMemorial.dfm","Memorial"
"FrmMemorial.pas",".pas","D:\pwtkeu\Trasaksi\Memorial\FrmMemorial.pas","Memorial"
"FrmMemorialAktiva.dfm",".dfm","D:\pwtkeu\Trasaksi\Memorial\FrmMemorialAktiva.dfm","Memorial"
"FrmMemorialAktiva.pas",".pas","D:\pwtkeu\Trasaksi\Memorial\FrmMemorialAktiva.pas","Memorial"
"FrmMemorialGiro.dfm",".dfm","D:\pwtkeu\Trasaksi\Memorial\FrmMemorialGiro.dfm","Memorial"
"FrmMemorialGiro.pas",".pas","D:\pwtkeu\Trasaksi\Memorial\FrmMemorialGiro.pas","Memorial"
"FrmMemorialHutPiut.dfm",".dfm","D:\pwtkeu\Trasaksi\Memorial\FrmMemorialHutPiut.dfm","Memorial"
"FrmMemorialHutPiut.pas",".pas","D:\pwtkeu\Trasaksi\Memorial\FrmMemorialHutPiut.pas","Memorial"
"FrmMainMemorial.dfm",".dfm","D:\pwtkeu\Trasaksi\MemorialLain\FrmMainMemorial.dfm","MemorialLain"
"FrmMainMemorial.pas",".pas","D:\pwtkeu\Trasaksi\MemorialLain\FrmMainMemorial.pas","MemorialLain"
"FrmMainMemorialLain.dfm",".dfm","D:\pwtkeu\Trasaksi\MemorialLain\FrmMainMemorialLain.dfm","MemorialLain"
"FrmMainMemorialLain.pas",".pas","D:\pwtkeu\Trasaksi\MemorialLain\FrmMainMemorialLain.pas","MemorialLain"
"FrmMemorial.dfm",".dfm","D:\pwtkeu\Trasaksi\MemorialLain\FrmMemorial.dfm","MemorialLain"
"FrmMemorial.pas",".pas","D:\pwtkeu\Trasaksi\MemorialLain\FrmMemorial.pas","MemorialLain"
"FrmMemorialAktiva.dfm",".dfm","D:\pwtkeu\Trasaksi\MemorialLain\FrmMemorialAktiva.dfm","MemorialLain"
"FrmMemorialAktiva.pas",".pas","D:\pwtkeu\Trasaksi\MemorialLain\FrmMemorialAktiva.pas","MemorialLain"
"FrmMemorialAktivaLain.dfm",".dfm","D:\pwtkeu\Trasaksi\MemorialLain\FrmMemorialAktivaLain.dfm","MemorialLain"
"FrmMemorialAktivaLain.pas",".pas","D:\pwtkeu\Trasaksi\MemorialLain\FrmMemorialAktivaLain.pas","MemorialLain"
"FrmMemorialGiro.dfm",".dfm","D:\pwtkeu\Trasaksi\MemorialLain\FrmMemorialGiro.dfm","MemorialLain"
"FrmMemorialGiro.pas",".pas","D:\pwtkeu\Trasaksi\MemorialLain\FrmMemorialGiro.pas","MemorialLain"
"FrmMemorialGiroLain.dfm",".dfm","D:\pwtkeu\Trasaksi\MemorialLain\FrmMemorialGiroLain.dfm","MemorialLain"
"FrmMemorialGiroLain.pas",".pas","D:\pwtkeu\Trasaksi\MemorialLain\FrmMemorialGiroLain.pas","MemorialLain"
"FrmMemorialHutPiut.dfm",".dfm","D:\pwtkeu\Trasaksi\MemorialLain\FrmMemorialHutPiut.dfm","MemorialLain"
"FrmMemorialHutPiut.pas",".pas","D:\pwtkeu\Trasaksi\MemorialLain\FrmMemorialHutPiut.pas","MemorialLain"
"FrmMemorialHutPiutLain.dfm",".dfm","D:\pwtkeu\Trasaksi\MemorialLain\FrmMemorialHutPiutLain.dfm","MemorialLain"
"FrmMemorialHutPiutLain.pas",".pas","D:\pwtkeu\Trasaksi\MemorialLain\FrmMemorialHutPiutLain.pas","MemorialLain"
"FrmMemorialLain.dfm",".dfm","D:\pwtkeu\Trasaksi\MemorialLain\FrmMemorialLain.dfm","MemorialLain"
"FrmMemorialLain.pas",".pas","D:\pwtkeu\Trasaksi\MemorialLain\FrmMemorialLain.pas","MemorialLain"
"frmDaftarMenu.dfm",".dfm","D:\pwtkeu\Setting\MENU\frmDaftarMenu.dfm","MENU"
"frmDaftarMenu.pas",".pas","D:\pwtkeu\Setting\MENU\frmDaftarMenu.pas","MENU"
"FrmSubDaftarMenu.dfm",".dfm","D:\pwtkeu\Setting\MENU\FrmSubDaftarMenu.dfm","MENU"
"FrmSubDaftarMenu.pas",".pas","D:\pwtkeu\Setting\MENU\FrmSubDaftarMenu.pas","MENU"
"frmJenisMesin.dfm",".dfm","D:\pwtkeu\Master\Mesin\frmJenisMesin.dfm","Mesin"
"frmJenisMesin.pas",".pas","D:\pwtkeu\Master\Mesin\frmJenisMesin.pas","Mesin"
"frmMesin.dfm",".dfm","D:\pwtkeu\Master\Mesin\frmMesin.dfm","Mesin"
"frmMesin.pas",".pas","D:\pwtkeu\Master\Mesin\frmMesin.pas","Mesin"
"FrmSubJenisMesin.dfm",".dfm","D:\pwtkeu\Master\Mesin\FrmSubJenisMesin.dfm","Mesin"
"FrmSubJenisMesin.pas",".pas","D:\pwtkeu\Master\Mesin\FrmSubJenisMesin.pas","Mesin"
"FrmSubMesin.dfm",".dfm","D:\pwtkeu\Master\Mesin\FrmSubMesin.dfm","Mesin"
"FrmSubMesin.pas",".pas","D:\pwtkeu\Master\Mesin\FrmSubMesin.pas","Mesin"
"FrmUtama.dfm",".dfm","D:\pwtkeu\MyProject\FrmUtama.dfm","MyProject"
"FrmUtama.pas",".pas","D:\pwtkeu\MyProject\FrmUtama.pas","MyProject"
"FrmNeraca.dfm",".dfm","D:\pwtkeu\Master\Neraca\FrmNeraca.dfm","Neraca"
"FrmNeraca.pas",".pas","D:\pwtkeu\Master\Neraca\FrmNeraca.pas","Neraca"
"FrmSubNeraca.dfm",".dfm","D:\pwtkeu\Master\Neraca\FrmSubNeraca.dfm","Neraca"
"FrmSubNeraca.pas",".pas","D:\pwtkeu\Master\Neraca\FrmSubNeraca.pas","Neraca"
"FrmPajak.dfm",".dfm","D:\pwtkeu\Master\Pajak\FrmPajak.dfm","Pajak"
"FrmPajak.pas",".pas","D:\pwtkeu\Master\Pajak\FrmPajak.pas","Pajak"
"FrmSubPajak.dfm",".dfm","D:\pwtkeu\Master\Pajak\FrmSubPajak.dfm","Pajak"
"FrmSubPajak.pas",".pas","D:\pwtkeu\Master\Pajak\FrmSubPajak.pas","Pajak"
"frmPassword.dfm",".dfm","D:\pwtkeu\Setting\Password\frmPassword.dfm","Password"
"frmPassword.pas",".pas","D:\pwtkeu\Setting\Password\frmPassword.pas","Password"
"FrmMenu.dfm",".dfm","D:\pwtkeu\Setting\Pemakai\FrmMenu.dfm","Pemakai"
"FrmMenu.pas",".pas","D:\pwtkeu\Setting\Pemakai\FrmMenu.pas","Pemakai"
"FrmMenuOld.dfm",".dfm","D:\pwtkeu\Setting\Pemakai\FrmMenuOld.dfm","Pemakai"
"FrmMenuOld.pas",".pas","D:\pwtkeu\Setting\Pemakai\FrmMenuOld.pas","Pemakai"
"FrmPemakai.dfm",".dfm","D:\pwtkeu\Setting\Pemakai\FrmPemakai.dfm","Pemakai"
"FrmPemakai.pas",".pas","D:\pwtkeu\Setting\Pemakai\FrmPemakai.pas","Pemakai"
"FrmSetPemakaiGdg.dfm",".dfm","D:\pwtkeu\Setting\Pemakai\FrmSetPemakaiGdg.dfm","Pemakai"
"FrmSetPemakaiGdg.pas",".pas","D:\pwtkeu\Setting\Pemakai\FrmSetPemakaiGdg.pas","Pemakai"
"FrmSubMenu.dfm",".dfm","D:\pwtkeu\Setting\Pemakai\FrmSubMenu.dfm","Pemakai"
"FrmSubMenu.pas",".pas","D:\pwtkeu\Setting\Pemakai\FrmSubMenu.pas","Pemakai"
"FrmSubPemakai.dfm",".dfm","D:\pwtkeu\Setting\Pemakai\FrmSubPemakai.dfm","Pemakai"
"FrmSubPemakai.pas",".pas","D:\pwtkeu\Setting\Pemakai\FrmSubPemakai.pas","Pemakai"
"FrmBeli.dfm",".dfm","D:\pwtkeu\Trasaksi\Pembelian\FrmBeli.dfm","Pembelian"
"FrmBeli.pas",".pas","D:\pwtkeu\Trasaksi\Pembelian\FrmBeli.pas","Pembelian"
"FrmMainBeli.dfm",".dfm","D:\pwtkeu\Trasaksi\Pembelian\FrmMainBeli.dfm","Pembelian"
"FrmMainBeli.pas",".pas","D:\pwtkeu\Trasaksi\Pembelian\FrmMainBeli.pas","Pembelian"
"FrmPembelian.dfm",".dfm","D:\pwtkeu\Trasaksi\Pembelian\FrmPembelian.dfm","Pembelian"
"FrmPembelian.pas",".pas","D:\pwtkeu\Trasaksi\Pembelian\FrmPembelian.pas","Pembelian"
"FrmJual.dfm",".dfm","D:\pwtkeu\Trasaksi\Penjualan\FrmJual.dfm","Penjualan"
"FrmJual.pas",".pas","D:\pwtkeu\Trasaksi\Penjualan\FrmJual.pas","Penjualan"
"FrmMainJual.dfm",".dfm","D:\pwtkeu\Trasaksi\Penjualan\FrmMainJual.dfm","Penjualan"
"FrmMainJual.pas",".pas","D:\pwtkeu\Trasaksi\Penjualan\FrmMainJual.pas","Penjualan"
"FrmPenjualan.dfm",".dfm","D:\pwtkeu\Trasaksi\Penjualan\FrmPenjualan.dfm","Penjualan"
"FrmPenjualan.pas",".pas","D:\pwtkeu\Trasaksi\Penjualan\FrmPenjualan.pas","Penjualan"
"frmSetupperiode.dfm",".dfm","D:\pwtkeu\Setting\Periode\frmSetupperiode.dfm","Periode"
"frmSetupperiode.pas",".pas","D:\pwtkeu\Setting\Periode\frmSetupperiode.pas","Periode"
"FrmPerkiraan.dfm",".dfm","D:\pwtkeu\Master\Perkiraan\FrmPerkiraan.dfm","Perkiraan"
"FrmPerkiraan.pas",".pas","D:\pwtkeu\Master\Perkiraan\FrmPerkiraan.pas","Perkiraan"
"FrmSetBudget.dfm",".dfm","D:\pwtkeu\Master\Perkiraan\FrmSetBudget.dfm","Perkiraan"
"FrmSetBudget.pas",".pas","D:\pwtkeu\Master\Perkiraan\FrmSetBudget.pas","Perkiraan"
"FrmSetSaldoAwal.dfm",".dfm","D:\pwtkeu\Master\Perkiraan\FrmSetSaldoAwal.dfm","Perkiraan"
"FrmSetSaldoAwal.pas",".pas","D:\pwtkeu\Master\Perkiraan\FrmSetSaldoAwal.pas","Perkiraan"
"FrmSubPerkiraan.dfm",".dfm","D:\pwtkeu\Master\Perkiraan\FrmSubPerkiraan.dfm","Perkiraan"
"FrmSubPerkiraan.pas",".pas","D:\pwtkeu\Master\Perkiraan\FrmSubPerkiraan.pas","Perkiraan"
"FrmPiutang.dfm",".dfm","D:\pwtkeu\Master\Piutang\FrmPiutang.dfm","Piutang"
"FrmPiutang.pas",".pas","D:\pwtkeu\Master\Piutang\FrmPiutang.pas","Piutang"
"FrmPiutangAwal.dfm",".dfm","D:\pwtkeu\Master\Piutang\FrmPiutangAwal.dfm","Piutang"
"FrmPiutangAwal.pas",".pas","D:\pwtkeu\Master\Piutang\FrmPiutangAwal.pas","Piutang"
"FrmMainPO.dfm",".dfm","D:\pwtkeu\Trasaksi\PO\FrmMainPO.dfm","PO"
"FrmMainPO.pas",".pas","D:\pwtkeu\Trasaksi\PO\FrmMainPO.pas","PO"
"FrmMainPORev.dfm",".dfm","D:\pwtkeu\Trasaksi\PO\FrmMainPORev.dfm","PO"
"FrmMainPORev.pas",".pas","D:\pwtkeu\Trasaksi\PO\FrmMainPORev.pas","PO"
"FrmPO.dfm",".dfm","D:\pwtkeu\Trasaksi\PO\FrmPO.dfm","PO"
"FrmPO.pas",".pas","D:\pwtkeu\Trasaksi\PO\FrmPO.pas","PO"
"FrmRevPO.dfm",".dfm","D:\pwtkeu\Trasaksi\PO\FrmRevPO.dfm","PO"
"FrmRevPO.pas",".pas","D:\pwtkeu\Trasaksi\PO\FrmRevPO.pas","PO"
"FrmTglKirimPO.dfm",".dfm","D:\pwtkeu\Trasaksi\PO\FrmTglKirimPO.dfm","PO"
"FrmTglKirimPO.pas",".pas","D:\pwtkeu\Trasaksi\PO\FrmTglKirimPO.pas","PO"
"FrmMainPO.dfm",".dfm","D:\pwtkeu\Trasaksi\PO1\FrmMainPO.dfm","PO1"
"FrmMainPO.pas",".pas","D:\pwtkeu\Trasaksi\PO1\FrmMainPO.pas","PO1"
"FrmMainPORev.dfm",".dfm","D:\pwtkeu\Trasaksi\PO1\FrmMainPORev.dfm","PO1"
"FrmMainPORev.pas",".pas","D:\pwtkeu\Trasaksi\PO1\FrmMainPORev.pas","PO1"
"FrmPO.dfm",".dfm","D:\pwtkeu\Trasaksi\PO1\FrmPO.dfm","PO1"
"FrmPO.pas",".pas","D:\pwtkeu\Trasaksi\PO1\FrmPO.pas","PO1"
"FrmRevPO.dfm",".dfm","D:\pwtkeu\Trasaksi\PO1\FrmRevPO.dfm","PO1"
"FrmRevPO.pas",".pas","D:\pwtkeu\Trasaksi\PO1\FrmRevPO.pas","PO1"
"FrmTglKirimPO.dfm",".dfm","D:\pwtkeu\Trasaksi\PO1\FrmTglKirimPO.dfm","PO1"
"FrmTglKirimPO.pas",".pas","D:\pwtkeu\Trasaksi\PO1\FrmTglKirimPO.pas","PO1"
"FrmPostBiaya.dfm",".dfm","D:\pwtkeu\Master\PostBiaya\FrmPostBiaya.dfm","PostBiaya"
"FrmPostBiaya.pas",".pas","D:\pwtkeu\Master\PostBiaya\FrmPostBiaya.pas","PostBiaya"
"FrmSubPostBiaya.dfm",".dfm","D:\pwtkeu\Master\PostBiaya\FrmSubPostBiaya.dfm","PostBiaya"
"FrmSubPostBiaya.pas",".pas","D:\pwtkeu\Master\PostBiaya\FrmSubPostBiaya.pas","PostBiaya"
"FrmPostHutPiut.dfm",".dfm","D:\pwtkeu\Setting\Posting\FrmPostHutPiut.dfm","Posting"
"FrmPostHutPiut.pas",".pas","D:\pwtkeu\Setting\Posting\FrmPostHutPiut.pas","Posting"
"FrmPosting.dfm",".dfm","D:\pwtkeu\Setting\Posting\FrmPosting.dfm","Posting"
"FrmPosting.pas",".pas","D:\pwtkeu\Setting\Posting\FrmPosting.pas","Posting"
"FrmSubPosting.dfm",".dfm","D:\pwtkeu\Setting\Posting\FrmSubPosting.dfm","Posting"
"FrmSubPosting.pas",".pas","D:\pwtkeu\Setting\Posting\FrmSubPosting.pas","Posting"
"FrmPostingJurnalOto.dfm",".dfm","D:\pwtkeu\Setting\PostingJurnalOto\FrmPostingJurnalOto.dfm","PostingJurnalOto"
"FrmPostingJurnalOto.pas",".pas","D:\pwtkeu\Setting\PostingJurnalOto\FrmPostingJurnalOto.pas","PostingJurnalOto"
"FrmPostingUlangJurnalOto.dfm",".dfm","D:\pwtkeu\Setting\PostingUlangJurnalOto\FrmPostingUlangJurnalOto.dfm","PostingUlangJurnalOto"
"FrmPostingUlangJurnalOto.pas",".pas","D:\pwtkeu\Setting\PostingUlangJurnalOto\FrmPostingUlangJurnalOto.pas","PostingUlangJurnalOto"
"FrmMainPPL.dfm",".dfm","D:\pwtkeu\Trasaksi\PPL\FrmMainPPL.dfm","PPL"
"FrmMainPPL.pas",".pas","D:\pwtkeu\Trasaksi\PPL\FrmMainPPL.pas","PPL"
"FrmPPL.dfm",".dfm","D:\pwtkeu\Trasaksi\PPL\FrmPPL.dfm","PPL"
"FrmPPL.pas",".pas","D:\pwtkeu\Trasaksi\PPL\FrmPPL.pas","PPL"
"FrmPajak.dfm",".dfm","D:\pwtkeu\Master\PPn\FrmPajak.dfm","PPn"
"FrmPajak.pas",".pas","D:\pwtkeu\Master\PPn\FrmPajak.pas","PPn"
"FrmPPn.dfm",".dfm","D:\pwtkeu\Master\PPn\FrmPPn.dfm","PPn"
"FrmPPn.pas",".pas","D:\pwtkeu\Master\PPn\FrmPPn.pas","PPn"
"FrmSubPajak.dfm",".dfm","D:\pwtkeu\Master\PPn\FrmSubPajak.dfm","PPn"
"FrmSubPajak.pas",".pas","D:\pwtkeu\Master\PPn\FrmSubPajak.pas","PPn"
"FrmSubPPn.dfm",".dfm","D:\pwtkeu\Master\PPn\FrmSubPPn.dfm","PPn"
"FrmSubPPn.pas",".pas","D:\pwtkeu\Master\PPn\FrmSubPPn.pas","PPn"
"FrmFinishing.dfm",".dfm","D:\pwtkeu\Trasaksi\Produksi\FrmFinishing.dfm","Produksi"
"FrmFinishing.pas",".pas","D:\pwtkeu\Trasaksi\Produksi\FrmFinishing.pas","Produksi"
"FrmHasilP.dfm",".dfm","D:\pwtkeu\Trasaksi\Produksi\FrmHasilP.dfm","Produksi"
"FrmHasilP.pas",".pas","D:\pwtkeu\Trasaksi\Produksi\FrmHasilP.pas","Produksi"
"FrmHasilPLuar.dfm",".dfm","D:\pwtkeu\Trasaksi\Produksi\FrmHasilPLuar.dfm","Produksi"
"FrmHasilPLuar.pas",".pas","D:\pwtkeu\Trasaksi\Produksi\FrmHasilPLuar.pas","Produksi"
"FrmMainFinishing.dfm",".dfm","D:\pwtkeu\Trasaksi\Produksi\FrmMainFinishing.dfm","Produksi"
"FrmMainFinishing.pas",".pas","D:\pwtkeu\Trasaksi\Produksi\FrmMainFinishing.pas","Produksi"
"FrmMainFisnishing.dfm",".dfm","D:\pwtkeu\Trasaksi\Produksi\FrmMainFisnishing.dfm","Produksi"
"FrmMainFisnishing.pas",".pas","D:\pwtkeu\Trasaksi\Produksi\FrmMainFisnishing.pas","Produksi"
"FrmMainHasilP.dfm",".dfm","D:\pwtkeu\Trasaksi\Produksi\FrmMainHasilP.dfm","Produksi"
"FrmMainHasilP.pas",".pas","D:\pwtkeu\Trasaksi\Produksi\FrmMainHasilP.pas","Produksi"
"FrmMainHasilPLuar.dfm",".dfm","D:\pwtkeu\Trasaksi\Produksi\FrmMainHasilPLuar.dfm","Produksi"
"FrmMainHasilPLuar.pas",".pas","D:\pwtkeu\Trasaksi\Produksi\FrmMainHasilPLuar.pas","Produksi"
"FrmMainProduksi.dfm",".dfm","D:\pwtkeu\Trasaksi\Produksi\FrmMainProduksi.dfm","Produksi"
"FrmMainProduksi.pas",".pas","D:\pwtkeu\Trasaksi\Produksi\FrmMainProduksi.pas","Produksi"
"FrmProduksi.dfm",".dfm","D:\pwtkeu\Trasaksi\Produksi\FrmProduksi.dfm","Produksi"
"FrmProduksi.pas",".pas","D:\pwtkeu\Trasaksi\Produksi\FrmProduksi.pas","Produksi"
"FrmKota.dfm",".dfm","D:\pwtkeu\Trasaksi\Proses Produksi\FrmKota.dfm","Proses Produksi"
"FrmKota.pas",".pas","D:\pwtkeu\Trasaksi\Proses Produksi\FrmKota.pas","Proses Produksi"
"FrmProsesProduksi.dfm",".dfm","D:\pwtkeu\Trasaksi\Proses Produksi\FrmProsesProduksi.dfm","Proses Produksi"
"FrmProsesProduksi.pas",".pas","D:\pwtkeu\Trasaksi\Proses Produksi\FrmProsesProduksi.pas","Proses Produksi"
"FrmSubKota.dfm",".dfm","D:\pwtkeu\Trasaksi\Proses Produksi\FrmSubKota.dfm","Proses Produksi"
"FrmSubKota.pas",".pas","D:\pwtkeu\Trasaksi\Proses Produksi\FrmSubKota.pas","Proses Produksi"
"FrmSubProsesProduksi.dfm",".dfm","D:\pwtkeu\Trasaksi\Proses Produksi\FrmSubProsesProduksi.dfm","Proses Produksi"
"FrmSubProsesProduksi.pas",".pas","D:\pwtkeu\Trasaksi\Proses Produksi\FrmSubProsesProduksi.pas","Proses Produksi"
"FrmRata2(OLD).dfm",".dfm","D:\pwtkeu\Setting\Rata2\FrmRata2(OLD).dfm","Rata2"
"FrmRata2(OLD).dfm",".dfm","D:\pwtkeu\Setting\Rata2\Rata2\FrmRata2(OLD).dfm","Rata2"
"FrmRata2(OLD).pas",".pas","D:\pwtkeu\Setting\Rata2\FrmRata2(OLD).pas","Rata2"
"FrmRata2(OLD).pas",".pas","D:\pwtkeu\Setting\Rata2\Rata2\FrmRata2(OLD).pas","Rata2"
"FrmRata2.dfm",".dfm","D:\pwtkeu\Setting\Rata2\FrmRata2.dfm","Rata2"
"FrmRata2.dfm",".dfm","D:\pwtkeu\Setting\Rata2\Rata2\FrmRata2.dfm","Rata2"
"FrmRata2.pas",".pas","D:\pwtkeu\Setting\Rata2\Rata2\FrmRata2.pas","Rata2"
"FrmRata2.pas",".pas","D:\pwtkeu\Setting\Rata2\FrmRata2.pas","Rata2"
"FrmRata2.dfm",".dfm","D:\pwtkeu\Setting\Rata2N\FrmRata2.dfm","Rata2N"
"FrmRata2.pas",".pas","D:\pwtkeu\Setting\Rata2N\FrmRata2.pas","Rata2N"
"FrmRata2.dfm",".dfm","D:\pwtkeu\Setting\Rata2Old\FrmRata2.dfm","Rata2Old"
"FrmRata2.pas",".pas","D:\pwtkeu\Setting\Rata2Old\FrmRata2.pas","Rata2Old"
"FrmRata2.dfm",".dfm","D:\pwtkeu\Setting\Rata2olders\FrmRata2.dfm","Rata2olders"
"FrmRata2.pas",".pas","D:\pwtkeu\Setting\Rata2olders\FrmRata2.pas","Rata2olders"
"FrmMainRBeli.dfm",".dfm","D:\pwtkeu\Trasaksi\RBELI\FrmMainRBeli.dfm","RBELI"
"FrmMainRBeli.pas",".pas","D:\pwtkeu\Trasaksi\RBELI\FrmMainRBeli.pas","RBELI"
"FrmMainRBeliGdg.dfm",".dfm","D:\pwtkeu\Trasaksi\RBELI\FrmMainRBeliGdg.dfm","RBELI"
"FrmMainRBeliGdg.pas",".pas","D:\pwtkeu\Trasaksi\RBELI\FrmMainRBeliGdg.pas","RBELI"
"FrmRBeli.dfm",".dfm","D:\pwtkeu\Trasaksi\RBELI\FrmRBeli.dfm","RBELI"
"FrmRBeli.pas",".pas","D:\pwtkeu\Trasaksi\RBELI\FrmRBeli.pas","RBELI"
"FrmRBeliGdg.dfm",".dfm","D:\pwtkeu\Trasaksi\RBELI\FrmRBeliGdg.dfm","RBELI"
"FrmRBeliGdg.pas",".pas","D:\pwtkeu\Trasaksi\RBELI\FrmRBeliGdg.pas","RBELI"
"FrmMenuReport.dfm",".dfm","D:\pwtkeu\ReportPreview\FrmMenuReport.dfm","ReportPreview"
"FrmMenuReport.pas",".pas","D:\pwtkeu\ReportPreview\FrmMenuReport.pas","ReportPreview"
"FrmReportPreview.dfm",".dfm","D:\pwtkeu\ReportPreview\FrmReportPreview.dfm","ReportPreview"
"FrmReportPreview.pas",".pas","D:\pwtkeu\ReportPreview\FrmReportPreview.pas","ReportPreview"
"FrmReportPreviewold.dfm",".dfm","D:\pwtkeu\ReportPreview\FrmReportPreviewold.dfm","ReportPreview"
"FrmReportPreviewold.pas",".pas","D:\pwtkeu\ReportPreview\FrmReportPreviewold.pas","ReportPreview"
"FrmMainRBeli.dfm",".dfm","D:\pwtkeu\Trasaksi\Retur Beli\FrmMainRBeli.dfm","Retur Beli"
"FrmMainRBeli.pas",".pas","D:\pwtkeu\Trasaksi\Retur Beli\FrmMainRBeli.pas","Retur Beli"
"FrmRPembelian.dfm",".dfm","D:\pwtkeu\Trasaksi\Retur Beli\FrmRPembelian.dfm","Retur Beli"
"FrmRPembelian.pas",".pas","D:\pwtkeu\Trasaksi\Retur Beli\FrmRPembelian.pas","Retur Beli"
"FrmMainRJual.dfm",".dfm","D:\pwtkeu\Trasaksi\ReturJual\FrmMainRJual.dfm","ReturJual"
"FrmMainRJual.pas",".pas","D:\pwtkeu\Trasaksi\ReturJual\FrmMainRJual.pas","ReturJual"
"FrmRInvoicePLProsesTransaksi.dfm",".dfm","D:\pwtkeu\Trasaksi\ReturJual\FrmRInvoicePLProsesTransaksi.dfm","ReturJual"
"FrmRInvoicePLProsesTransaksi.pas",".pas","D:\pwtkeu\Trasaksi\ReturJual\FrmRInvoicePLProsesTransaksi.pas","ReturJual"
"FrmRJual.dfm",".dfm","D:\pwtkeu\Trasaksi\ReturJual\FrmRJual.dfm","ReturJual"
"FrmRJual.pas",".pas","D:\pwtkeu\Trasaksi\ReturJual\FrmRJual.pas","ReturJual"
"FrmRPenjualan.dfm",".dfm","D:\pwtkeu\Trasaksi\ReturJual\FrmRPenjualan.dfm","ReturJual"
"FrmRPenjualan.pas",".pas","D:\pwtkeu\Trasaksi\ReturJual\FrmRPenjualan.pas","ReturJual"
"FrmMainRSPB.dfm",".dfm","D:\pwtkeu\Trasaksi\ReturSPB\FrmMainRSPB.dfm","ReturSPB"
"FrmMainRSPB.pas",".pas","D:\pwtkeu\Trasaksi\ReturSPB\FrmMainRSPB.pas","ReturSPB"
"FrmRSPB.dfm",".dfm","D:\pwtkeu\Trasaksi\ReturSPB\FrmRSPB.dfm","ReturSPB"
"FrmRSPB.pas",".pas","D:\pwtkeu\Trasaksi\ReturSPB\FrmRSPB.pas","ReturSPB"
"FrmRSPBKirim.dfm",".dfm","D:\pwtkeu\Trasaksi\ReturSPB\FrmRSPBKirim.dfm","ReturSPB"
"FrmRSPBKirim.pas",".pas","D:\pwtkeu\Trasaksi\ReturSPB\FrmRSPBKirim.pas","ReturSPB"
"FrmFinishing.dfm",".dfm","D:\pwtkeu\Trasaksi\Produksi\FinishingBackUp\Revisi1\FrmFinishing.dfm","Revisi1"
"FrmFinishing.pas",".pas","D:\pwtkeu\Trasaksi\Produksi\FinishingBackUp\Revisi1\FrmFinishing.pas","Revisi1"
"FrmMainPORev.dfm",".dfm","D:\pwtkeu\Trasaksi\RevisiPO\FrmMainPORev.dfm","RevisiPO"
"FrmMainPORev.pas",".pas","D:\pwtkeu\Trasaksi\RevisiPO\FrmMainPORev.pas","RevisiPO"
"FrmRevPO.dfm",".dfm","D:\pwtkeu\Trasaksi\RevisiPO\FrmRevPO.dfm","RevisiPO"
"FrmRevPO.pas",".pas","D:\pwtkeu\Trasaksi\RevisiPO\FrmRevPO.pas","RevisiPO"
"FrmTglKirimRevPO.dfm",".dfm","D:\pwtkeu\Trasaksi\RevisiPO\FrmTglKirimRevPO.dfm","RevisiPO"
"FrmTglKirimRevPO.pas",".pas","D:\pwtkeu\Trasaksi\RevisiPO\FrmTglKirimRevPO.pas","RevisiPO"
"FrmMainSORev.dfm",".dfm","D:\pwtkeu\Trasaksi\REVISISO\FrmMainSORev.dfm","REVISISO"
"FrmMainSORev.pas",".pas","D:\pwtkeu\Trasaksi\REVISISO\FrmMainSORev.pas","REVISISO"
"FrmRevSO.dfm",".dfm","D:\pwtkeu\Trasaksi\REVISISO\FrmRevSO.dfm","REVISISO"
"FrmRevSO.pas",".pas","D:\pwtkeu\Trasaksi\REVISISO\FrmRevSO.pas","REVISISO"
"FrmCustSales.dfm",".dfm","D:\pwtkeu\Master\Sales\FrmCustSales.dfm","Sales"
"FrmCustSales.pas",".pas","D:\pwtkeu\Master\Sales\FrmCustSales.pas","Sales"
"Frmsales.dfm",".dfm","D:\pwtkeu\Master\Sales\Frmsales.dfm","Sales"
"Frmsales.pas",".pas","D:\pwtkeu\Master\Sales\Frmsales.pas","Sales"
"FrmTargetSales.dfm",".dfm","D:\pwtkeu\Master\Sales\FrmTargetSales.dfm","Sales"
"FrmTargetSales.pas",".pas","D:\pwtkeu\Master\Sales\FrmTargetSales.pas","Sales"
"Copy of FrmMainSO.dfm",".dfm","D:\pwtkeu\Trasaksi\SO\Copy of FrmMainSO.dfm","SO"
"Copy of FrmMainSO.pas",".pas","D:\pwtkeu\Trasaksi\SO\Copy of FrmMainSO.pas","SO"
"FrmMainCloseSO.dfm",".dfm","D:\pwtkeu\Trasaksi\SO\FrmMainCloseSO.dfm","SO"
"FrmMainCloseSO.pas",".pas","D:\pwtkeu\Trasaksi\SO\FrmMainCloseSO.pas","SO"
"FrmMainSO.dfm",".dfm","D:\pwtkeu\Trasaksi\SO\FrmMainSO.dfm","SO"
"FrmMainSO.pas",".pas","D:\pwtkeu\Trasaksi\SO\FrmMainSO.pas","SO"
"FrmSO.dfm",".dfm","D:\pwtkeu\Trasaksi\SO\FrmSO.dfm","SO"
"FrmSO.pas",".pas","D:\pwtkeu\Trasaksi\SO\FrmSO.pas","SO"
"FrmMainSPB.dfm",".dfm","D:\pwtkeu\Trasaksi\SPB\FrmMainSPB.dfm","SPB"
"FrmMainSPB.pas",".pas","D:\pwtkeu\Trasaksi\SPB\FrmMainSPB.pas","SPB"
"FrmSPB.dfm",".dfm","D:\pwtkeu\Trasaksi\SPB\FrmSPB.dfm","SPB"
"FrmSPB.pas",".pas","D:\pwtkeu\Trasaksi\SPB\FrmSPB.pas","SPB"
"FrmSPBKirim.dfm",".dfm","D:\pwtkeu\Trasaksi\SPB\FrmSPBKirim.dfm","SPB"
"FrmSPBKirim.pas",".pas","D:\pwtkeu\Trasaksi\SPB\FrmSPBKirim.pas","SPB"
"FrmSPBProses.dfm",".dfm","D:\pwtkeu\Trasaksi\SPB\FrmSPBProses.dfm","SPB"
"FrmSPBProses.pas",".pas","D:\pwtkeu\Trasaksi\SPB\FrmSPBProses.pas","SPB"
"FrmMainSPBRjual.dfm",".dfm","D:\pwtkeu\Trasaksi\SPBRJual\FrmMainSPBRjual.dfm","SPBRJual"
"FrmMainSPBRjual.pas",".pas","D:\pwtkeu\Trasaksi\SPBRJual\FrmMainSPBRjual.pas","SPBRJual"
"FrmSPBRJual.dfm",".dfm","D:\pwtkeu\Trasaksi\SPBRJual\FrmSPBRJual.dfm","SPBRJual"
"FrmSPBRJual.pas",".pas","D:\pwtkeu\Trasaksi\SPBRJual\FrmSPBRJual.pas","SPBRJual"
"FrmSPBRJualKirim.dfm",".dfm","D:\pwtkeu\Trasaksi\SPBRJual\FrmSPBRJualKirim.dfm","SPBRJual"
"FrmSPBRJualKirim.pas",".pas","D:\pwtkeu\Trasaksi\SPBRJual\FrmSPBRJualKirim.pas","SPBRJual"
"FrmSPBRJualOld.dfm",".dfm","D:\pwtkeu\Trasaksi\SPBRJual\FrmSPBRJualOld.dfm","SPBRJual"
"FrmSPBRJualOld.pas",".pas","D:\pwtkeu\Trasaksi\SPBRJual\FrmSPBRJualOld.pas","SPBRJual"
"FrmMainSPK.dfm",".dfm","D:\pwtkeu\Trasaksi\SPK\FrmMainSPK.dfm","SPK"
"FrmMainSPK.pas",".pas","D:\pwtkeu\Trasaksi\SPK\FrmMainSPK.pas","SPK"
"FrmMainSPKLuar.dfm",".dfm","D:\pwtkeu\Trasaksi\SPK\FrmMainSPKLuar.dfm","SPK"
"FrmMainSPKLuar.pas",".pas","D:\pwtkeu\Trasaksi\SPK\FrmMainSPKLuar.pas","SPK"
"FrmSPBKirim.dfm",".dfm","D:\pwtkeu\Trasaksi\SPK\FrmSPBKirim.dfm","SPK"
"FrmSPBKirim.pas",".pas","D:\pwtkeu\Trasaksi\SPK\FrmSPBKirim.pas","SPK"
"FrmSPK.dfm",".dfm","D:\pwtkeu\Trasaksi\SPK\FrmSPK.dfm","SPK"
"FrmSPK.pas",".pas","D:\pwtkeu\Trasaksi\SPK\FrmSPK.pas","SPK"
"FrmSPKLuar.dfm",".dfm","D:\pwtkeu\Trasaksi\SPK\FrmSPKLuar.dfm","SPK"
"FrmSPKLuar.pas",".pas","D:\pwtkeu\Trasaksi\SPK\FrmSPKLuar.pas","SPK"
"FrmTempStockBOM.dfm",".dfm","D:\pwtkeu\Trasaksi\SPK\FrmTempStockBOM.dfm","SPK"
"FrmTempStockBOM.pas",".pas","D:\pwtkeu\Trasaksi\SPK\FrmTempStockBOM.pas","SPK"
"FrmMainSPKPesan.dfm",".dfm","D:\pwtkeu\Trasaksi\SPKPesan\FrmMainSPKPesan.dfm","SPKPesan"
"FrmMainSPKPesan.pas",".pas","D:\pwtkeu\Trasaksi\SPKPesan\FrmMainSPKPesan.pas","SPKPesan"
"FrmSPKPesan.dfm",".dfm","D:\pwtkeu\Trasaksi\SPKPesan\FrmSPKPesan.dfm","SPKPesan"
"FrmSPKPesan.pas",".pas","D:\pwtkeu\Trasaksi\SPKPesan\FrmSPKPesan.pas","SPKPesan"
"FrmSPKPesanProses.dfm",".dfm","D:\pwtkeu\Trasaksi\SPKPesan\FrmSPKPesanProses.dfm","SPKPesan"
"FrmSPKPesanProses.pas",".pas","D:\pwtkeu\Trasaksi\SPKPesan\FrmSPKPesanProses.pas","SPKPesan"
"FrmMainSPP.dfm",".dfm","D:\pwtkeu\Trasaksi\SPP\FrmMainSPP.dfm","SPP"
"FrmMainSPP.pas",".pas","D:\pwtkeu\Trasaksi\SPP\FrmMainSPP.pas","SPP"
"FrmSPP.dfm",".dfm","D:\pwtkeu\Trasaksi\SPP\FrmSPP.dfm","SPP"
"FrmSPP.pas",".pas","D:\pwtkeu\Trasaksi\SPP\FrmSPP.pas","SPP"
"FrmSPPProses.dfm",".dfm","D:\pwtkeu\Trasaksi\SPP\FrmSPPProses.dfm","SPP"
"FrmSPPProses.pas",".pas","D:\pwtkeu\Trasaksi\SPP\FrmSPPProses.pas","SPP"
"FrmKategori2.dfm",".dfm","D:\pwtkeu\Master\Sub Kategori\FrmKategori2.dfm","Sub Kategori"
"FrmKategori2.pas",".pas","D:\pwtkeu\Master\Sub Kategori\FrmKategori2.pas","Sub Kategori"
"FrmSubKategori2.dfm",".dfm","D:\pwtkeu\Master\Sub Kategori\FrmSubKategori2.dfm","Sub Kategori"
"FrmSubKategori2.pas",".pas","D:\pwtkeu\Master\Sub Kategori\FrmSubKategori2.pas","Sub Kategori"
"FrmKategori2BrgJadi.dfm",".dfm","D:\pwtkeu\Master\Sub KategoriBrgJadi\FrmKategori2BrgJadi.dfm","Sub KategoriBrgJadi"
"FrmKategori2BrgJadi.pas",".pas","D:\pwtkeu\Master\Sub KategoriBrgJadi\FrmKategori2BrgJadi.pas","Sub KategoriBrgJadi"
"FrmSubKategori2BrgJadi.dfm",".dfm","D:\pwtkeu\Master\Sub KategoriBrgJadi\FrmSubKategori2BrgJadi.dfm","Sub KategoriBrgJadi"
"FrmSubKategori2BrgJadi.pas",".pas","D:\pwtkeu\Master\Sub KategoriBrgJadi\FrmSubKategori2BrgJadi.pas","Sub KategoriBrgJadi"
"FrmSubTipeTrans_.dfm",".dfm","D:\pwtkeu\Master\SubTipeTrans\FrmSubTipeTrans_.dfm","SubTipeTrans"
"FrmSubTipeTrans_.pas",".pas","D:\pwtkeu\Master\SubTipeTrans\FrmSubTipeTrans_.pas","SubTipeTrans"
"FrmTipeTrans_.dfm",".dfm","D:\pwtkeu\Master\SubTipeTrans\FrmTipeTrans_.dfm","SubTipeTrans"
"FrmTipeTrans_.pas",".pas","D:\pwtkeu\Master\SubTipeTrans\FrmTipeTrans_.pas","SubTipeTrans"
"FrmAlamatCustSupp.dfm",".dfm","D:\pwtkeu\Master\Supplier\FrmAlamatCustSupp.dfm","Supplier"
"FrmAlamatCustSupp.pas",".pas","D:\pwtkeu\Master\Supplier\FrmAlamatCustSupp.pas","Supplier"
"FrmBarangCust.dfm",".dfm","D:\pwtkeu\Master\Supplier\FrmBarangCust.dfm","Supplier"
"FrmBarangCust.pas",".pas","D:\pwtkeu\Master\Supplier\FrmBarangCust.pas","Supplier"
"FrmMainSubCustomer.dfm",".dfm","D:\pwtkeu\Master\Supplier\FrmMainSubCustomer.dfm","Supplier"
"FrmMainSubCustomer.pas",".pas","D:\pwtkeu\Master\Supplier\FrmMainSubCustomer.pas","Supplier"
"FrmPerkCustSupp.dfm",".dfm","D:\pwtkeu\Master\Supplier\FrmPerkCustSupp.dfm","Supplier"
"FrmPerkCustSupp.pas",".pas","D:\pwtkeu\Master\Supplier\FrmPerkCustSupp.pas","Supplier"
"FrmSubCustomerP.dfm",".dfm","D:\pwtkeu\Master\Supplier\FrmSubCustomerP.dfm","Supplier"
"FrmSubCustomerP.pas",".pas","D:\pwtkeu\Master\Supplier\FrmSubCustomerP.pas","Supplier"
"FrmSubPerkCustSupp.dfm",".dfm","D:\pwtkeu\Master\Supplier\FrmSubPerkCustSupp.dfm","Supplier"
"FrmSubPerkCustSupp.pas",".pas","D:\pwtkeu\Master\Supplier\FrmSubPerkCustSupp.pas","Supplier"
"FrmSubSupplier.dfm",".dfm","D:\pwtkeu\Master\Supplier\FrmSubSupplier.dfm","Supplier"
"FrmSubSupplier.pas",".pas","D:\pwtkeu\Master\Supplier\FrmSubSupplier.pas","Supplier"
"FrmSupplier.dfm",".dfm","D:\pwtkeu\Master\Supplier\FrmSupplier.dfm","Supplier"
"FrmSupplier.pas",".pas","D:\pwtkeu\Master\Supplier\FrmSupplier.pas","Supplier"
"FrmSubTarifTenaker.dfm",".dfm","D:\pwtkeu\Master\TarifTenaker\FrmSubTarifTenaker.dfm","TarifTenaker"
"FrmSubTarifTenaker.pas",".pas","D:\pwtkeu\Master\TarifTenaker\FrmSubTarifTenaker.pas","TarifTenaker"
"FrmSubTenaker.dfm",".dfm","D:\pwtkeu\Master\TarifTenaker\FrmSubTenaker.dfm","TarifTenaker"
"FrmSubTenaker.pas",".pas","D:\pwtkeu\Master\TarifTenaker\FrmSubTenaker.pas","TarifTenaker"
"frmTarifTenaker.dfm",".dfm","D:\pwtkeu\Master\TarifTenaker\frmTarifTenaker.dfm","TarifTenaker"
"frmTarifTenaker.pas",".pas","D:\pwtkeu\Master\TarifTenaker\frmTarifTenaker.pas","TarifTenaker"
"FrmTenaker.dfm",".dfm","D:\pwtkeu\Master\TarifTenaker\FrmTenaker.dfm","TarifTenaker"
"FrmTenaker.pas",".pas","D:\pwtkeu\Master\TarifTenaker\FrmTenaker.pas","TarifTenaker"
"FrmSubTipeTrans.dfm",".dfm","D:\pwtkeu\Master\TipeTrans\FrmSubTipeTrans.dfm","TipeTrans"
"FrmSubTipeTrans.pas",".pas","D:\pwtkeu\Master\TipeTrans\FrmSubTipeTrans.pas","TipeTrans"
"FrmTipeTrans.dfm",".dfm","D:\pwtkeu\Master\TipeTrans\FrmTipeTrans.dfm","TipeTrans"
"FrmTipeTrans.pas",".pas","D:\pwtkeu\Master\TipeTrans\FrmTipeTrans.pas","TipeTrans"
"FrmMainTransfer.dfm",".dfm","D:\pwtkeu\Trasaksi\Transfer\FrmMainTransfer.dfm","Transfer"
"FrmMainTransfer.pas",".pas","D:\pwtkeu\Trasaksi\Transfer\FrmMainTransfer.pas","Transfer"
"FrmTransfer.dfm",".dfm","D:\pwtkeu\Trasaksi\Transfer\FrmTransfer.dfm","Transfer"
"FrmTransfer.pas",".pas","D:\pwtkeu\Trasaksi\Transfer\FrmTransfer.pas","Transfer"
"FrmProsesTutupBuku.dfm",".dfm","D:\pwtkeu\Setting\TutupBuku\FrmProsesTutupBuku.dfm","TutupBuku"
"FrmProsesTutupBuku.pas",".pas","D:\pwtkeu\Setting\TutupBuku\FrmProsesTutupBuku.pas","TutupBuku"
"FrmProsesTutupBukuFiskal.dfm",".dfm","D:\pwtkeu\Setting\TutupBuku\FrmProsesTutupBukuFiskal.dfm","TutupBuku"
"FrmProsesTutupBukuFiskal.pas",".pas","D:\pwtkeu\Setting\TutupBuku\FrmProsesTutupBukuFiskal.pas","TutupBuku"
"FrmProsesTutupBuku.dfm",".dfm","D:\pwtkeu\Setting\TutupBukuOld\FrmProsesTutupBuku.dfm","TutupBukuOld"
"FrmProsesTutupBuku.pas",".pas","D:\pwtkeu\Setting\TutupBukuOld\FrmProsesTutupBuku.pas","TutupBukuOld"
"FrmUMHutang.dfm",".dfm","D:\pwtkeu\Master\UangMukaHutang\FrmUMHutang.dfm","UangMukaHutang"
"FrmUMHutang.pas",".pas","D:\pwtkeu\Master\UangMukaHutang\FrmUMHutang.pas","UangMukaHutang"
"FrmUMHutangAwal.dfm",".dfm","D:\pwtkeu\Master\UangMukaHutang\FrmUMHutangAwal.dfm","UangMukaHutang"
"FrmUMHutangAwal.pas",".pas","D:\pwtkeu\Master\UangMukaHutang\FrmUMHutangAwal.pas","UangMukaHutang"
"FrmUMPiutang.dfm",".dfm","D:\pwtkeu\Master\UangMukaPiutang\FrmUMPiutang.dfm","UangMukaPiutang"
"FrmUMPiutang.pas",".pas","D:\pwtkeu\Master\UangMukaPiutang\FrmUMPiutang.pas","UangMukaPiutang"
"FrmUMPiutangAwal.dfm",".dfm","D:\pwtkeu\Master\UangMukaPiutang\FrmUMPiutangAwal.dfm","UangMukaPiutang"
"FrmUMPiutangAwal.pas",".pas","D:\pwtkeu\Master\UangMukaPiutang\FrmUMPiutangAwal.pas","UangMukaPiutang"
"FrmMainUbahKemasan.dfm",".dfm","D:\pwtkeu\Trasaksi\UbahKemasan\FrmMainUbahKemasan.dfm","UbahKemasan"
"FrmMainUbahKemasan.pas",".pas","D:\pwtkeu\Trasaksi\UbahKemasan\FrmMainUbahKemasan.pas","UbahKemasan"
"FrmMainUbahKemasanBJ.dfm",".dfm","D:\pwtkeu\Trasaksi\UbahKemasan\FrmMainUbahKemasanBJ.dfm","UbahKemasan"
"FrmMainUbahKemasanBJ.pas",".pas","D:\pwtkeu\Trasaksi\UbahKemasan\FrmMainUbahKemasanBJ.pas","UbahKemasan"
"FrmUbahKemasan.dfm",".dfm","D:\pwtkeu\Trasaksi\UbahKemasan\FrmUbahKemasan.dfm","UbahKemasan"
"FrmUbahKemasan.pas",".pas","D:\pwtkeu\Trasaksi\UbahKemasan\FrmUbahKemasan.pas","UbahKemasan"
"FrmUbahKemasanBJ.dfm",".dfm","D:\pwtkeu\Trasaksi\UbahKemasan\FrmUbahKemasanBJ.dfm","UbahKemasan"
"FrmUbahKemasanBJ.pas",".pas","D:\pwtkeu\Trasaksi\UbahKemasan\FrmUbahKemasanBJ.pas","UbahKemasan"
"AutoCompleteText.pas",".pas","D:\pwtkeu\Unit\AutoCompleteText.pas","Unit"
"AutoEdit.pas",".pas","D:\pwtkeu\Unit\AutoEdit.pas","Unit"
"dxDemoUtils.pas",".pas","D:\pwtkeu\Unit\dxDemoUtils.pas","Unit"
"dxEditUtils.pas",".pas","D:\pwtkeu\Unit\dxEditUtils.pas","Unit"
"dxGridMenus.pas",".pas","D:\pwtkeu\Unit\dxGridMenus.pas","Unit"
"EncDec.Pas",".Pas","D:\pwtkeu\Unit\EncDec.Pas","Unit"
"FrmDialogCetak.dfm",".dfm","D:\pwtkeu\Unit\FrmDialogCetak.dfm","Unit"
"FrmDialogCetak.pas",".pas","D:\pwtkeu\Unit\FrmDialogCetak.pas","Unit"
"FrmSetForm.dfm",".dfm","D:\pwtkeu\Unit\FrmSetForm.dfm","Unit"
"FrmSetForm.pas",".pas","D:\pwtkeu\Unit\FrmSetForm.pas","Unit"
"frxDMPClass.pas",".pas","D:\pwtkeu\ReportPreview\unit\frxDMPClass.pas","unit"
"frxDsgnIntf.pas",".pas","D:\pwtkeu\ReportPreview\unit\frxDsgnIntf.pas","unit"
"frxPreviewPageSettings.pas",".pas","D:\pwtkeu\ReportPreview\unit\frxPreviewPageSettings.pas","unit"
"frxRes.pas",".pas","D:\pwtkeu\ReportPreview\unit\frxRes.pas","unit"
"frxSearchDialog.pas",".pas","D:\pwtkeu\ReportPreview\unit\frxSearchDialog.pas","unit"
"frxUtils.pas",".pas","D:\pwtkeu\ReportPreview\unit\frxUtils.pas","unit"
"MyGlobal.pas",".pas","D:\pwtkeu\Unit\MyGlobal.pas","Unit"
"MyModul.dfm",".dfm","D:\pwtkeu\Unit\MyModul.dfm","Unit"
"MyModul.pas",".pas","D:\pwtkeu\Unit\MyModul.pas","Unit"
"MyProcedure.pas",".pas","D:\pwtkeu\Unit\MyProcedure.pas","Unit"
"MyProcedureold.pas",".pas","D:\pwtkeu\Unit\MyProcedureold.pas","Unit"
"FrmSubValas.dfm",".dfm","D:\pwtkeu\Master\Valas\FrmSubValas.dfm","Valas"
"FrmSubValas.pas",".pas","D:\pwtkeu\Master\Valas\FrmSubValas.pas","Valas"
"FrmSubValas_.dfm",".dfm","D:\pwtkeu\Master\Valas\FrmSubValas_.dfm","Valas"
"FrmSubValas_.pas",".pas","D:\pwtkeu\Master\Valas\FrmSubValas_.pas","Valas"
"FrmValas.dfm",".dfm","D:\pwtkeu\Master\Valas\FrmValas.dfm","Valas"
"FrmValas.pas",".pas","D:\pwtkeu\Master\Valas\FrmValas.pas","Valas"
